song_id,title,artist,performance_note
song_0001,アカシア,BUMP OF CHICKEN,
song_0002,"Hello, world!",BUMP OF CHICKEN,
song_0003,SOUVENIR,BUMP OF CHICKEN,
song_0004,クロノスタシス,BUMP OF CHICKEN,
song_0005,Strawberry,BUMP OF CHICKEN,
song_0006,車輪の唄,BUMP OF CHICKEN,
song_0007,天体観測,BUMP OF CHICKEN,
song_0008,ray,BUMP OF CHICKEN,
song_0009,Sleep Walking Orchestra,BUMP OF CHICKEN,
song_0010,アンサー,BUMP OF CHICKEN,
song_0011,なないろ,BUMP OF CHICKEN,
song_0012,pinkie,BUMP OF CHICKEN,
song_0013,記念撮影,BUMP OF CHICKEN,
song_0014,邂逅,BUMP OF CHICKEN,
song_0015,太陽,BUMP OF CHICKEN,
song_0016,メーデー,BUMP OF CHICKEN,
song_0017,レム,BUMP OF CHICKEN,
song_0018,Gravity,BUMP OF CHICKEN,
song_0019,木漏れ日と一緒に,BUMP OF CHICKEN,
song_0020,窓の中から,BUMP OF CHICKEN,
song_0021,en.01 you were here,BUMP OF CHICKEN,
song_0022,en.02 ガラスのブルース,BUMP OF CHICKEN,
song_0023,en.03 花の名,BUMP OF CHICKEN,
song_0024,境界線,amazarashi,
song_0025,ナイトメア,amazarashi,
song_0026,黎明期,amazarashi,
song_0027,痛覚,amazarashi,
song_0028,アダプテット,amazarashi,
song_0029,アンチノミー,amazarashi,
song_0032,ワンルーム叙事詩,amazarashi,
song_0033,ナモナキヒト,amazarashi,
song_0034,風に流離い,amazarashi,
song_0035,性善説,amazarashi,
song_0036,多数決,amazarashi,
song_0037,逃避行,amazarashi,
song_0038,美しき思い出,amazarashi,
song_0039,もう一度,amazarashi,
song_0040,とどめを刺して,amazarashi,
song_0041,空洞空洞,amazarashi,
song_0042,アンアライブ,amazarashi,
song_0043,1.0,amazarashi,
song_0044,スターライト,amazarashi,
song_0045,フィロソフィー,amazarashi,
song_0046,空に歌えば,amazarashi,
song_0047,季節は次々死んでいく,amazarashi,
song_0048,夏空,Galileo Galilei,
song_0049,クライマー,Galileo Galilei,
song_0050,サークルゲーム,Galileo Galilei,
song_0051,恋の寿命,Galileo Galilei,
song_0052,明日へ,Galileo Galilei,
song_0053,バナナフィッシュの浜辺と黒い虹,Galileo Galilei,
song_0054,ハローグッバイ,Galileo Galilei,
song_0055,四ツ葉さがしの旅人,Galileo Galilei,
song_0056,僕から君へ,Galileo Galilei,
song_0057,青い栞,Galileo Galilei,
song_0058,乗車権のイントロのライブアレンジ,BUMP OF CHICKEN,
song_0061,思い出した。この日チャマさんが投げたペットボトルの水か掛かった,BUMP OF CHICKEN,
song_0062,藤原さんの誕生日と「はじめてのチュウ」を歌ってくれた話,BUMP OF CHICKEN,
song_0064,ダイヤモンド,BUMP OF CHICKEN,
song_0065,ハルジオン,BUMP OF CHICKEN,
song_0066,sailing day,BUMP OF CHICKEN,
song_0067,ロストマン,BUMP OF CHICKEN,
song_0068,オンリーロンリーグローリー,BUMP OF CHICKEN,
song_0069,カルマ,BUMP OF CHICKEN,
song_0070,涙のふるさと,BUMP OF CHICKEN,
song_0071,R.I.P.,BUMP OF CHICKEN,
song_0072,firefly,BUMP OF CHICKEN,
song_0073,ファイター,BUMP OF CHICKEN,
song_0074,Aurora,BUMP OF CHICKEN,
song_0075,ギルド,BUMP OF CHICKEN,
song_0076,ゼロ,BUMP OF CHICKEN,
song_0077,悪魔の踊り方,キタニタツヤ,
song_0078,PINK,キタニタツヤ,
song_0079,デッドウェイト,キタニタツヤ,
song_0080,rapport,キタニタツヤ,
song_0081,スカー,キタニタツヤ,
song_0082,ちはる,キタニタツヤ,
song_0083,デマゴーグ,キタニタツヤ,
song_0084,白無垢,キタニタツヤ,
song_0085,波に名前を付けること、僕らの呼吸に終わりがあること。,キタニタツヤ,
song_0086,ずうっといっしょ！,キタニタツヤ,
song_0087,人間みたいね,キタニタツヤ,
song_0088,ナイトルーティーン,キタニタツヤ,
song_0089,芥の部屋は錆色に沈む,キタニタツヤ,
song_0090,青のすみか,キタニタツヤ,
song_0092,八月、某、月明かり,ヨルシカ,
song_0093,夕凪、某、花惑い,ヨルシカ,
song_0094,詩書きとコーヒー,ヨルシカ,
song_0095,春ひさぎ,ヨルシカ,
song_0096,言って。,ヨルシカ,
song_0097,ヒッチコック,ヨルシカ,
song_0098,夜行,ヨルシカ,
song_0099,五月は花緑青の窓辺から,ヨルシカ,
song_0100,夜紛い,ヨルシカ,
song_0101,春泥棒,ヨルシカ,
song_0102,雨とカプチーノ,ヨルシカ,
song_0103,雨晴るる,ヨルシカ,
song_0104,ブレーメン,ヨルシカ,
song_0105,斜陽,ヨルシカ,
song_0106,花人局,ヨルシカ,
song_0107,チノカテ,ヨルシカ,
song_0108,ノーチラス,ヨルシカ,
song_0109,花二亡霊,ヨルシカ,
song_0110,靴の花火,ヨルシカ,
song_0111,レプリカント,ヨルシカ,
song_0112,爆弾魔,ヨルシカ,
song_0113,心に穴が空いた,ヨルシカ,
song_0114,思想犯,ヨルシカ,
song_0115,だから僕は音楽を辞めた,ヨルシカ,
song_0116,又三郎,ヨルシカ,
song_0117,ただ君に晴れ,ヨルシカ,
song_0118,盗作,ヨルシカ,
song_0119,火星人,ヨルシカ,
song_0120,晴る,ヨルシカ,
song_0121,前前前世,RADWIMPS,
song_0122,DADA,RADWIMPS,
song_0123,五月の蝿,RADWIMPS,
song_0124,おしゃかしゃま,RADWIMPS,
song_0125,君と羊と青,RADWIMPS,
song_0126,会心の一撃,RADWIMPS,
song_0127,魔法鏡,RADWIMPS,
song_0128,最大公約数,RADWIMPS,
song_0129,セプテンバーさん,RADWIMPS,
song_0130,me me she,RADWIMPS,
song_0131,有心論,RADWIMPS,
song_0132,トレモロ,RADWIMPS,
song_0133,voyager,BUMP OF CHICKEN,
song_0134,才悩人応援歌,BUMP OF CHICKEN,
song_0135,プラネタリウム,BUMP OF CHICKEN,
song_0136,supernova,BUMP OF CHICKEN,
song_0137,ハンマーソングと痛みの塔,BUMP OF CHICKEN,
song_0138,時空かくれんぼ,BUMP OF CHICKEN,
song_0139,かさぶたぶたぶ,BUMP OF CHICKEN,
song_0140,花の名,BUMP OF CHICKEN,
song_0141,ひとりごと,BUMP OF CHICKEN,
song_0142,飴玉の唄,BUMP OF CHICKEN,
song_0143,arrows,BUMP OF CHICKEN,
song_0144,flyby,BUMP OF CHICKEN,
song_0145,東京賛歌,BUMP OF CHICKEN,
song_0146,真っ赤な空を見ただろうか,BUMP OF CHICKEN,
song_0147,銀河鉄道,BUMP OF CHICKEN,
song_0148,プレゼント,BUMP OF CHICKEN,
song_0149,オンリー ロンリー グローリー,BUMP OF CHICKEN,
song_0150,乗車権,BUMP OF CHICKEN,
song_0151,embrace,BUMP OF CHICKEN,
song_0152,同じドアをくぐれたら,BUMP OF CHICKEN,
song_0153,スノースマイル,BUMP OF CHICKEN,ライブアレンジver
song_0154,fire sign,BUMP OF CHICKEN,
song_0155,夢の飼い主,BUMP OF CHICKEN,
song_0156,睡眠時間,BUMP OF CHICKEN,
song_0157,ホリデイ,BUMP OF CHICKEN,
song_0158,Stage of the ground,BUMP OF CHICKEN,
song_0159,Title of mine,BUMP OF CHICKEN,
song_0160,キャッチボール,BUMP OF CHICKEN,
song_0161,ベンチとコーヒー,BUMP OF CHICKEN,
song_0162,メロディーフラッグ,BUMP OF CHICKEN,
song_0163,ベル,BUMP OF CHICKEN,
song_0164,ダンデライオン,BUMP OF CHICKEN,
song_0165,彼女と星の椅子,BUMP OF CHICKEN,
song_0166,バイバイサンキュー,BUMP OF CHICKEN,
song_0167,ラフメイカー,BUMP OF CHICKEN,
song_0168,Opening,BUMP OF CHICKEN,
song_0169,グングニル,BUMP OF CHICKEN,
song_0170,ベストピクチャー,BUMP OF CHICKEN,
song_0171,続くだらない唄,BUMP OF CHICKEN,
song_0172,LAMP,BUMP OF CHICKEN,
song_0173,リリィ,BUMP OF CHICKEN,
song_0174,Ever lasting lie,BUMP OF CHICKEN,
song_0175,グロリアスレボリューション,BUMP OF CHICKEN,
song_0176,ガラスのブルース,BUMP OF CHICKEN,
song_0177,くだらない唄,BUMP OF CHICKEN,
song_0178,アルエ,BUMP OF CHICKEN,
song_0179,リトルブレイバー,BUMP OF CHICKEN,
song_0180,ノーヒットノーラン,BUMP OF CHICKEN,
song_0181,とっておきの唄,BUMP OF CHICKEN,
song_0182,ナイフ,BUMP OF CHICKEN,
song_0183,バトルクライ,BUMP OF CHICKEN,
song_0184,BUMP OF CHICKENのテーマ,BUMP OF CHICKEN,
song_0185,Small world,BUMP OF CHICKEN,
song_0186,Flare,BUMP OF CHICKEN,
song_0187,青の朔日,BUMP OF CHICKEN,
song_0188,月虹,BUMP OF CHICKEN,
song_0189,ジャングルジム,BUMP OF CHICKEN,
song_0190,リボン,BUMP OF CHICKEN,
song_0191,シリウス,BUMP OF CHICKEN,
song_0192,アリア,BUMP OF CHICKEN,
song_0193,話がしたいよ,BUMP OF CHICKEN,
song_0194,望遠のマーチ,BUMP OF CHICKEN,
song_0195,Spica,BUMP OF CHICKEN,
song_0196,新世界,BUMP OF CHICKEN,
song_0197,流れ星の正体,BUMP OF CHICKEN,
song_0198,GO,BUMP OF CHICKEN,
song_0199,"Hello,world!",BUMP OF CHICKEN,
song_0200,Butterfly,BUMP OF CHICKEN,
song_0201,流星群,BUMP OF CHICKEN,
song_0202,宝石になった日,BUMP OF CHICKEN,
song_0203,コロニー,BUMP OF CHICKEN,
song_0204,パレード,BUMP OF CHICKEN,
song_0205,大我慢大会,BUMP OF CHICKEN,
song_0206,孤独の合唱,BUMP OF CHICKEN,
song_0207,You were here,BUMP OF CHICKEN,
song_0208,虹を待つ人,BUMP OF CHICKEN,
song_0209,サザンクロス,BUMP OF CHICKEN,
song_0210,ラストワン,BUMP OF CHICKEN,
song_0211,morning glow,BUMP OF CHICKEN,
song_0212,トーチ,BUMP OF CHICKEN,
song_0213,Smile,BUMP OF CHICKEN,
song_0214,white note,BUMP OF CHICKEN,
song_0215,友達の唄,BUMP OF CHICKEN,
song_0216,(please) forgive,BUMP OF CHICKEN,
song_0217,グッドラック,BUMP OF CHICKEN,
song_0218,ほんとのほんと,BUMP OF CHICKEN,
song_0219,ディアマン,BUMP OF CHICKEN,
song_0220,歩く幽霊,BUMP OF CHICKEN,
song_0221,三ツ星カルテット,BUMP OF CHICKEN,
song_0222,ウェザーリポート,BUMP OF CHICKEN,
song_0223,分別奮闘記,BUMP OF CHICKEN,
song_0224,モーターサイクル,BUMP OF CHICKEN,
song_0225,透明飛行船,BUMP OF CHICKEN,
song_0226,魔法の料理 君から君へ,BUMP OF CHICKEN,
song_0227,HAPPY,BUMP OF CHICKEN,
song_0228,66号線,BUMP OF CHICKEN,
song_0229,セントエルモの火,皇美緒奈,
song_0230,angel fall,BUMP OF CHICKEN,
song_0231,宇宙飛行士への手紙,BUMP OF CHICKEN,
song_0232,イノセント,BUMP OF CHICKEN,
song_0233,beautiful glider,BUMP OF CHICKEN,
song_0234,good friends,BUMP OF CHICKEN,
song_0235,キャラバン,BUMP OF CHICKEN,
song_0236,Merry Christmas,BUMP OF CHICKEN,
song_0237,ジュブナイル,Juvenile,初披露
song_0238,僕が死のうと思ったのは,amazarashi,
song_0239,さよならごっこ,Sayonara Gokko,初披露
song_0240,爆弾の作り方,Bakudan no Tsukurikata,初披露
song_0242,#1 たばこ,コレサワ,
song_0243,#2 丸の内サディスティック,椎名林檎,
song_0244,#3 はなびら,back number,
song_0245,#4 真赤,My Hair is Bad,
song_0246,#5 この夜を止めてよ,JUJU,
song_0247,#6 bathroom,ユアネス,
song_0248,take1,Brainwaltzera,
song_0249,#7 HANABI,いきものがかり,take2
song_0250,#8 気まぐれロマンティック,いきものがかり,
song_0251,#9 ブルーバード,いきものがかり,
song_0252,#11 ナモナキヒト,amazarashi,
song_0253,#12 逃避行,amazarashi,
song_0255,数字を気にしてしまう、数字に左右されない自分でありたい,伊能靜,
song_0256,好きなことだけで生活は難しい、音楽を辞めようと考えたこともある(思い直してる),佐藤 直紀,
song_0258,#13 fire sign,BUMP OF CHICKEN,
song_0259,#14 embrace,BUMP OF CHICKEN,
song_0260,#15 オッドアイ,さユり,
song_0261,#16 ミカヅキ,さユり,
song_0262,#17 トレモロ,RADWIMPS,
song_0263,#18 セプテンバーさん,RADWIMPS,
song_0265,#19 秒針を噛む,ずっと真夜中でいいのに。,
song_0266,#20 僕から君へ,Galileo Galilei,
song_0267,#21 さよならはエモーション,サカナクション,
song_0268,#22 怪獣,サカナクション,
song_0269,#23 青のすみか,キタニタツヤ,
song_0270,#24 ロミオとシンデレラ,doriko,
song_0271,#25 千本桜,黒うさP,
song_0272,#26 ムーンライト伝説,DALI,
song_0273,#27 雨とカプチーノ,ヨルシカ,
song_0274,#28 夜行,ヨルシカ,
song_0275,#29 花人局,ヨルシカ,
song_0276,#30 オリオンをなぞる,UNISON SQUARE GARDEN,
song_0277,#31 シュガーソングとビターステップ,UNISON SQUARE GARDEN ( 49750人達成),
song_0278,49750人達成ありがとう⇒ 1人減ったので続行を宣言⇒すぐに再達成⇒次でラスト,久米大作,
song_0279,#32 水平線,back number,
song_0284,みなさんには眠ってもらう,P U D E R P O L L I,
song_0285,#1 Wherever you are,ONE OK ROCK,
song_0286,#2 からくりピエロ,40mP,
song_0287,#3 ハナミズキ,一青窈,
song_0288,#4 忘れられないの,サカナクション,
song_0289,#5 楓,スピッツ,
song_0290,#6 チェリー,スピッツ,
song_0291,ネムクナッテキタ、 (かわいい)、セルフ睡眠導入,下戸,
song_0292,#7 アカシア,BUMP OF CHICKEN,
song_0294,#8 靴の花火,ヨルシカ,
song_0295,#9 Calc.,ジミーサムP,
song_0296,活動4ヵ月半で動画が342本ある、 実は眼鏡/コンタクト使用者、眼鏡が壊れそう,yuey,
song_0297,#10 旅立ちの日に (合唱曲),作曲 坂本浩美,
song_0298,#11 千の風になって,秋川雅史,
song_0299,#12 unravel,TK from 凛として時雨,
song_0300,デスボイスの練習してる、 (選曲中) ただいま考え中,田上ひろしタンポポ児童合唱団,
song_0301,#13 心拍数♯0822,蝶々P,
song_0302,#14 水平線,back number,
song_0303,#15 雨晴るる,ヨルシカ,
song_0304,ミンナナカナカネナイネ？、 (かわいい)、 原キーで弾いてみる,藤原さくら,
song_0305,#16 晴る,ヨルシカ,
song_0306,#17 トリノコシティ,40mP,
song_0307,48800人達成、 WAになって踊ろう、オリ曲を届けたい,AGHARTA,
song_0308,#18 Break through,ミナミイズミ,
song_0310,#19 燃えてゆく,ミナミイズミ,
song_0312,#20 悲しくならないか,ミナミイズミ,
song_0313,活動テーマを予知していたかのような歌、 オリ曲発掘したら歌いたくなった、,姜育恆姜育恆,
song_0314,猟奇的なキスを私にして,ゲスの極み乙女。,
song_0315,アイネクライネ,米津玄師,
song_0316,BABY STEP,LAMP IN TERREN,
song_0317,unravel,TK from 凛として時雨,
song_0318,若者のすべて,フジファブリック,
song_0319,怪獣,サカナクション,
song_0320,#1 タッチ,岩崎良美,
song_0321,#2 残酷な天使のテーゼ,高橋洋子,
song_0322,#3 ただ君に晴れ,ヨルシカ,
song_0323,#4 八月、某、月明かり,ヨルシカ,
song_0324,#5 晴る,ヨルシカ,
song_0325,#6 だから僕は音楽を辞めた,ヨルシカ,
song_0326,#7 愛を伝えたいだとか,あいみょん,
song_0327,リクエスト - 貴方解剖純愛歌 死ね,あいみょん,サビだけ
song_0328,#8 マリーゴールド,あいみょん,
song_0329,#9 コイスルオトメ,いきものがかり,
song_0330,#10 ブルーバード,いきものがかり,
song_0331,#11 気まぐれロマンティック,いきものがかり,
song_0332,#12 フライングゲット,AKB48,
song_0333,#13 ポニーテールとシュシュ,AKB48,
song_0334,#14 CHE.R.RY,YUI,
song_0335,#15 again,YUI,
song_0336,#16 チョコレイトディスコ,Perfume,
song_0337,#17 丸の内サディスティック,椎名林檎,
song_0338,#18 Dear...,西野カナ,
song_0339,#19 Best Friend,西野カナ,
song_0340,#20 ぐるぐる,ミナミイズミ,
song_0341,#21 アイロニー,ミナミイズミ,
song_0342,#22 良かった,ミナミイズミ,
song_0343,#23 美しくならないで,ミナミイズミ,
song_0344,#24 コントラスト,ミナミイズミ,
song_0345,#25 明けない夜は無いとしたら,ミナミイズミ,
song_0346,#26 この暗闇を抜け出すまでは,ミナミイズミ,
song_0347,#27 明日を歌う今日の唄,ミナミイズミ,
song_0348,#28 もう一度ぼくは,ミナミイズミ,
song_0349,何者にもなれないって悪いことかな,ミナミイズミ,サビのみ
song_0350,いい子ちゃん,ミナミイズミ,歌詞朗読
song_0351,#29 チワワになりたい,ミナミイズミ,
song_0352,#30 Break through,ミナミイズミ,
song_0353,モザイクロール,DECO*27,
song_0354,弱虫モンブラン,DECO*27,
song_0355,小夜子,みきとP,
song_0356,ヨンジュウナナ,みきとP,
song_0357,サリシノハラ,みきとP,
song_0359,からくりピエロ,40mP,take3
song_0360,シリョクケンサ,40mP,
song_0361,トリノコシティ,40mP,
song_0362,夜明けと蛍,ナブナ,
song_0363,ハロ,ナノウ,
song_0364,アイロニ,すこっぷ,
song_0365,ダブルラリアット,アゴアニキP,
song_0366,替え歌,グッチ裕三&グッチーズ,
song_0367,千本桜,黒うさP,
song_0368,ロストワンの号哭,Neru,
song_0369,東京テディベア,Neru,
song_0370,夜咄ディセイブ,じん,
song_0371,マトリョシカ,ハチ,
song_0372,ドーナツホール,ハチ,
song_0373,ルカルカ★ナイトフィーバー,samfree,
song_0374,ロミオとシンデレラ,doriko,
song_0375,天ノ弱,164,
song_0376,ローリンガール,wowaka,
song_0377,裏表ラバーズ,wowaka,
song_0378,吉原ラメント,亜紗,
song_0379,サマータイムレコード,じん,
song_0380,ハッピーシンセサイザ,Easy Pop,
song_0381,Calc.,ジミーサムP,
song_0383,メランコリーキッチン,ハチ,
song_0384,航海の唄,さユり,
song_0385,気まぐれロマンティック,いきものがかり,
song_0386,ぐるぐる,ミナミイズミ,
song_0388,星間飛行,ランカリー,
song_0389,幻の命,SEKAI NO OWARI,
song_0390,羞恥心,羞恥心,ワンコーラス
song_0392,花に亡霊,ヨルシカ,
song_0394,今私が音楽続けられてるのはBUMPのおかげ、 BUMPにありがとうって言って,ブルボンズ,
song_0395,Secret base〜君がくれたもの,ZONE,
song_0397,結晶,ミナミイズミ,
song_0401,タッチ,岩崎良美,
song_0402,チェリー,スピッツ,
song_0403,アイデンティティ,サカナクション,
song_0405,CHE.R.RY,YUI,
song_0406,秒針を噛む,ずっと真夜中でいいのに。,
song_0407,忘れられないの,サカナクション,
song_0408,世界に一つだけの花,SMAP,
song_0409,美しい鰭,スピッツ,
song_0410,シュガーソングとビターステップ,UNISON SQUARE GARDEN,
song_0411,ブルーバード,いきものがかり,
song_0412,Diver,NICO Touches the Walls,
song_0413,ムーンライト伝説,DALI,
song_0414,君の知らない物語,supercell,
song_0415,恋愛サーキュレーション,千石撫子,
song_0416,ふわふわ時間,放課後ティータイム,
song_0417,ノーザンクロス,シェリルノーム,
song_0418,紅蓮華,LiSA,
song_0419,God knows...,涼宮ハルヒ,
song_0420,サムライハート,SPYAIR,
song_0421,again,YUI,
song_0422,めざせポケモンマスター,松本梨香,
song_0423,残酷な天使のテーゼ,高橋洋子,
song_0424,リライト,ASIAN KUNG-FU GENERATION,
song_0425,Shout Baby,緑黄色社会,
song_0426,夢をかなえてドラえもん,mao,
song_0427,オリオンをなぞる,UNISON SQUARE GARDEN,
song_0428,瞬間センチメンタル,SCANDAL,
song_0429,ウィーアー！,きただにひろし,
song_0430,ココロのちず,BOYSTYLE,
song_0431,Believe,Folder5,
song_0432,丸の内サディスティック,椎名林檎,
song_0433,シルエット,KANA-BOON,
song_0434,-. JANE DOE(サビだけ口ずさむ),wagataki,
song_0435,ずうっといっしょ！/ キタニタツヤ,ヰ世界情緒,
song_0436,君はロックを聞かない,あいみょん,
song_0437,欲望に満ちた青年団,ONE OK ROCK,
song_0438,愛迷エレジー,DECO*27,
song_0439,マリーゴールド,あいみょん,
song_0440,今宵の月のように,エレファントカシマシ,
song_0441,ロビンソン,スピッツ,
song_0442,わたがし,back number,
song_0443,インフェルノ,Mrs. GREEN APPLE,
song_0444,Lemon,米津玄師,
song_0445,アンパンマンのマーチ,ドリーミング,
song_0446,ミカヅキ,さユり,
song_0447,花の塔,さユり,
song_0448,daze,じん,
song_0449,"Ch.登録45,000人おめでとうございます！",植松伸夫,
song_0450,ビンクスの酒,麦わらの一味,
song_0451,怒りをくれよ,GLIM SPANKY,
song_0452,新時代,Ado,
song_0453,BRAND NEW WORLD,D-51,
song_0454,One day,The ROOTLESS,
song_0455,memories,大槻マキ,
song_0456,長い間,Kiroro,
song_0457,さよならエレジー,菅田将暉,
song_0458,Break Through,ミナミイズミ,
song_0459,Flareと重なる話,出羽良彰,
song_0460,大声ダイヤモンド,AKB48,
song_0461,ロスタイムメモリー,じん,
song_0462,二十九、三十,クリープハイプ,
song_0463,- IRIS OUT,春猿火,
song_0464,まちがいさがし,菅田将暉,
song_0465,幸せ,back number,
song_0466,水平線,back number,
song_0467,怪獣の花唄,Vaundy,
song_0468,God knows…,涼宮ハルヒ(CV.平野綾),
song_0469,くせのうた,星野源,
song_0470,歩く,ヨルシカ,
song_0471,プロミスザスター,BiSH,
song_0472,アイロニー,ミナミイズミ,
song_0473,それは小さな光のような,さユり,
song_0474,Rising Hope,LiSA,初披露かもしれない
song_0475,コメントに関するお願い,引田香織,
song_0476,"Hello, world!のライブアレンジからBUMP語り",浅川マキ,
song_0477,サウダージ,ポルノグラフィティ,
song_0478,新宝島,サカナクション,
song_0479,Wherever you are,ONE OK ROCK,
song_0480,ワールドランプシェード,buzzG,
song_0481,愛を伝えたいだとか,あいみょん,
song_0482,ray,BUMP OF CHICKEN,take 2 
song_0483,God knows…,涼宮ハルヒ(CV.平野綾),take 2. 
song_0484,Catch the Moment,LiSA,
song_0485,高嶺の花子さん,back number,
song_0486,夏色,ゆず,
song_0487,おやすみ泣き声、さよなら歌姫,クリープハイプ,
song_0488,コイスルオトメ,いきものがかり,
song_0489,何回言うけど「睡眠って大事」,本田美奈子,
song_0490,誕生日前夜オリ曲ライブ,リリーオブザバリー,
song_0491,ウォーミングアップ基礎練習,羽岡佳,
song_0492,七海うららさんコメントの登場,永田権太峰岸透,
song_0493,うららさんの髪の毛の色になりたい,間々田優,
song_0494,恋の間奏の「タランタンタランタラン。。。」がとっても良い,ARMPIT TERMITES,
song_0495,FLY HIGH!!,BURNOUT SYNDROMES,
song_0496,今日ぐっすり眠れた理由,Hayashi Yūki,
song_0497,今日はチャマさんの誕生日,175R,
song_0498,風を食む,ヨルシカ,
song_0499,平行線,さユり,
song_0500,さくらんぼ,大塚愛,
song_0501,今日はジル先輩とお散歩してきた,高橋邦幸,
song_0503,無原唱レコードのみんなに支えられまくり,吴虹飞幸福大街,
song_0505,レコーディングはいっつも楽しい　サウンドディレクターは褒め上手,氷河,
song_0507,ジルさんが「ジャングルジムあるんだけど」,,
song_0508,「ジャカジャカ弾き語りスタイル」は少なからずさユりさんの影響ある,しゃるろっと,
song_0509,何回も言うけど今週末誕生日前夜祭オリ曲だけ歌う！,リリーオブザバリー,
song_0510,地獄でなぜ悪い,星野源,
song_0511,vivi,米津玄師,
song_0512,CH登録41000人達成　おめでとうございます！,嶋倉一朗,
song_0513,最後の雨,中西保志,
song_0514,ひまわりの約束,秦基博,
song_0515,赤いスイートピー,松田聖子,
song_0516,真赤,My Hair is Bad,
song_0517,青いベンチ,サスケ,
song_0518,にじいろ,絢香,
song_0519,流星,コブクロ,
song_0520,光と影,ハナレグミ,
song_0521,光と闇,さユり,初披露
song_0522,ドリフの早口ことば,ザドリフターズ,
song_0523,社会の窓,クリープハイプ,
song_0524,ワールズエンドダンスホール,wowaka,
song_0525,ハイゲイン,ヒトリエ,
song_0526,脳漿炸裂ガール,れるりり,
song_0527,エンヴィキャットウォーク,トーマ,
song_0528,六兆年と一夜物語,kemu,
song_0529,Just Be Friends,Dixie Flatline,
song_0530,(t2 ) 言って。,ヨルシカ,
song_0531,2AM BUMP OF CHICKEN festival,大森藤ノBryson BaugusShelley Calene-Black,
song_0532,"改めてうれしい40,000人",謝霆鋒,
song_0533,「年下の男の子」は上白石萌音のカバーをよく聴いていた,つじあやの,
song_0534,1曲目のプレゼントはお母さんのカラオケで知った、,曼苏尔･博热克,
song_0537,「Landmarks」3rd RELEASE 2025 10　同期3人のオリ曲,空間現代,
song_0538,無原唱レコードカフェ in JAM Akihabara,フェイ・ウォン,
song_0539,年下の男の子,キャンディーズ,
song_0540,永遠はきらい,上白石萌音,
song_0541,チョコレイトディスコ,Perfume,
song_0542,恋愛レボリューション21,モーニング娘。,
song_0543,登録者40000人達成　おめでとうございます！,嶋倉一朗,
song_0544,フライングゲット,AKB48,
song_0545,花に嵐,米津玄師,
song_0546,ピースサイン,米津玄師,
song_0547,KissHug,aiko,
song_0548,1弦を６本セット買いました,桜井秀俊,
song_0549,izumeet楽しかった→同期編やりたい,Marriott Fantasy,
song_0550,メーメントヴァニタス、コメントに登場,渡辺宙明,
song_0551,10月にizumeet同期編やります！,空間現代,
song_0552,美緒奈さんからLINE,七瀬 光,
song_0553,響声破笛丸の案件待ってます,半﨑美子,
song_0554,izumeet楽しかった→人に会いたい,上戸彩TOWA TEI,
song_0555,実はお酒飲んだ→You ara here,大乔小乔,
song_0557,ずっと人と一緒におんのは嫌やけど、でも、一人は寂しい,茅原美里,
song_0558,自分から誘えないタイプ,FOR THE CVLTVRE,
song_0559,事務所の人と絶対仲良くなろうと思って自分から行動した,Looking Through Sheets,
song_0560,お世辞言われたくないから、お世辞言わないのかも,Agak,
song_0561,買って使ってない機材どんどん増えて、,古内東子,
song_0562,お母さんからLIME,郡司あやの子猫達望月祐多,
song_0563,少女レイ,みきとP,
song_0564,微笑みの爆弾（幽遊白書）,馬渡松子,
song_0565,水色ファンファーレ,白河しらせ,
song_0566,極彩的ミラージュ,蜜乃木ジル,
song_0567,ブルーバード（ナルト）,いきものがかり,
song_0568,Awaken Now,松永依織,
song_0569,見守りコメント、今食べたいものいいね,YU-A,
song_0570,事務所の先輩の3Dお披露目ライブめっちゃよかった,ドラマ,
song_0571,みんなん聞いて「10月13日㈷ミナミイズミ誕生日」,熊木杏里,
song_0572,明日は歌で殴り合いになるかも,橘麻美,
song_0573,節約において大事なことは固定費を削ること,ネクライトーキー,
song_0574,防音室はレンタルしてよかった,ヨシケン,
song_0577,39000人達成,久米大作,
song_0578,39000人達成おめでとう！ありがとう！,Tatsuya Shimazaki,
song_0579,今日の名言「ミナミイズミ伸びたい」,organs café,
song_0580,あいうぉんとぅびーはぴー！,ミナミイズミ,
song_0581,寝るのもったいなくなって,ＰＬＡＴ,
song_0582,深夜テンションでマイク買った,スーパー背骨,
song_0583,願い事は言っていかないと叶わへんから,fhána,
song_0584,この世の中にある一番いい「ジャーン」はサザンクロス,早川義夫,
song_0585,ライブ2曲目アンサーでめっちゃ刺さって泣いた,クライベイビー,
song_0587,月曜日か、一週間頑張っていきましょう！,NMB48,
song_0588,桜のあと,UNISON SQUARE GARDEN,
song_0589,harmonized finale,UNISON SQUARE GARDEN,
song_0590,スーパースターになったら,back number,
song_0591,NE-TAXI,クリープハイプ,初披露
song_0592,さよならエモーション,サカナクション,
song_0594,心臓に悪い話,S O A R E R,
song_0595,弦切れた,テングインベーダーズ,
song_0596,ピック収穫,白波多カミン,
song_0597,初カバーショート動画は「怪獣,サカナクション,
song_0598,ミナミイズミ　BUMP OF CHICKENが大好き（いつもの）,キョーヘイ,
song_0599,満月の夜なら,あいみょん,
song_0600,フラレガイガール,さユり,
song_0601,藍二乗,ヨルシカ,
song_0602,眠り姫,SEKAI NO OWARI,
song_0603,わたしの一番かわいいところ,FRUITS ZIPPER,
song_0604,漂白,あいみょん,初披露の気持ち
song_0605,相思相愛,aiko,
song_0606,好きなコナンの映画,yeti let you notice,
song_0607,高評価1000　登録者37600人　ありがとうございます。,朝倉紀幸,
song_0608,My landscape,BiSH,
song_0609,Pretender,Official髭男dism,
song_0610,Subtitle,Official髭男dism,
song_0611,花鳥風月,SEKAI NO OWARI,
song_0612,ドライフラワー,優里,
song_0613,私の思春期へ,赤頬思春期(BOL4),
song_0614,雪の華,中島美嘉,
song_0615,打上花火,DAOKO×米津玄師,
song_0616,妄想税,DECO*27,
song_0617,ストリーミングハート,DECO*27,
song_0618,リンネ,ハチ,
song_0619,ERROR,niki,
song_0620,magnet,流星P,
song_0621,1925,とみー,
song_0622,( take 2) ケッペキショウ,すこっぷ,
song_0623,心拍数♯0822,蝶々P,
song_0624,心做し,蝶々P,
song_0625,純情スカート,40mP,
song_0626,おどるポンポコリン,B.B.クイーンズ,初披露
song_0627,アンパンマンたいそう,ドリーミング,初披露
song_0628,陽炎,フジファブリック,
song_0629,innocence,LAMP IN TERREN,
song_0630,Water Lily,LAMP IN TERREN,
song_0631,別の人の彼女になったよ,wacci,
song_0632,瞳に映らない,indigo la End,
song_0633,おかえり,絢香,
song_0634,サブリナ,家入レオ,
song_0635,アボカド,Yonige,
song_0636,さよならアイデンティティー,Yonige,初披露
song_0637,美しい棘,GLIM SPANKY,
song_0638,ココロジェリーフィッシュ,ヒグチアイ,
song_0639,ハナミズキ,一青窈,
song_0640,晩餐歌,Tuki.,
song_0641,涙のイエスタデー,GARNET CROW,
song_0642,今夜このまま,あいみょん,
song_0643,don't cry anymore,miwa,
song_0645,HANABI,いきものがかり,初披露
song_0646,chAngE,Miwa,初披露
song_0647,曇天,DOES,初披露
song_0648,さユり航海の唄,さユり,
song_0650,FIRE GROUND,Official髭男dism,
song_0651,微笑みの爆弾,馬渡松子,
song_0652,ドライフラワー,優里,
song_0653,裸の心,あいみょん,
song_0654,栄光の架橋,ゆず,
song_0655,===== チャンネル登録者２万７０００人,家庭用ロボットアイゼンアイゼン,
song_0656,ポニーテールとシュシュ,AKB48,
song_0657,波に名前をつけること僕らの呼吸に終わりがあること波に,キタニタツヤ,初披露
song_0659,夏祭り,JITTERIN'JINN,
song_0660,君がくれた夏,家入レオ,
song_0661,真夏の果実,サザンオールスターズ,
song_0662,secret base 〜君がくれたもの〜,ZONE,
song_0663,===== もうちょとやろか⇒延長,i.o,
song_0664,夏影テールライト,UNISON SQUARE GARDEN,
song_0665,オリオンをなぞ.る,UNISON SQUARE GARDEN,
song_0666,君になれ,コブクロ,
song_0667,赤い糸,コブクロ,
song_0668,クリスマスソング,back number,
song_0669,酸欠少女,さユり,
song_0670,正攻法,SUPER BEAVER,
song_0671,憂、燦々,クリープハイプ,
song_0672,昼鳶,ヨルシカ,
song_0673,砂の惑星,ハチ,
song_0674,恋愛裁判,40mP,
song_0675,カゲロウデイズ,じん,
song_0676,ピエロ,KEI,
song_0677,センチメンタルピリオド,UNISON SQUARE GARDEN,
song_0678,マスターボリューム,UNISON SQUARE GARDEN,
song_0679,- マーメイドスキャンダラス (1C),UNISON SQUARE GARDEN,
song_0680,ソラニン,ASIAN KUNG-FU GENERATION,
song_0681,ヒューズ,日向文,
song_0682,オッドアイ,さユり,
song_0683,アノニマス,さユり,
song_0684,ナイフ,BUMP OF CHICKEN,
song_0685,PON,DJ CHANEL,
song_0686,Ginger,TOMOO,
song_0687,short hair,Base Ball Bear,
song_0688,I LOVE YOU,尾崎豊,
song_0689,swim,04 Limited Sazabys,
song_0690,Week End,星野源,
song_0691,ANIMA,ReoNa,
song_0692,don’t cry anymore,miwa,
song_0693,ローリンガール (2010),wowaka,
song_0694,愛を伝えたいだとか (2017),あいみょん,
song_0695,悪魔の踊り方 (2018),キタニタツヤ,
song_0696,オリオンをなぞる (2011),UNISON SQUARE GARDEN,
song_0697,平行線 (2017),さユり,
song_0698,サムライハート(2011),SPYAIR,
song_0699,フライングゲット (2011),AKB48,
song_0700,夜咄ディセイブ (2013),じん,
song_0701,千本桜 (2011),黒うさP,
song_0702,空に歌えば (2017),amazarashi,
song_0703,準透明少年 (2018),ヨルシカ,
song_0704,晴る (2024),ヨルシカ,
song_0705,カルマ (2005),BUMP OF CHICKEN,
song_0706,うっせぇわ (2020),Ado,
song_0707,God knows… (2006),涼宮ハルヒ(CV: 平野綾),
song_0708,ピースサイン (2017),米津玄師,
song_0709,タッチ (1985),岩崎良美,
song_0710,完全感覚Dreamer (2010),ONE OK ROCK,
song_0711,ノーザンクロス (2008),シェリルノーム starring May’n,
song_0712,again (2009),YUI,
song_0713,天体観測 (2001),BUMP OF CHICKEN,
song_0714,寝癖,クリープハイプ,
song_0715,いつか,Saucy Dog,
song_0716,さよならはエモーション,サカナクション,
song_0717,RPG,SEKAI NO OWARI,
song_0718,ひまわり,遊助,初披露
song_0719,ひまわり,遊助,
song_0720,フラワータワー,さユり,
song_0721,さくら,森山 直太朗,初披露
song_0722,桜,森山直太朗,
song_0723,野に咲く花のように,KATANAGARI,
song_0724,ひまわりの約束,秦基博,
song_0725,赤いスイートピー,松田聖子,
song_0726,蕾,コブクロ,
song_0727,花に亡霊,ヨルシカ,
song_0728,強盗と花束,ヨルシカ,初披露
song_0729,強盗と花束,ヨルシカ,
song_0730,花に亡霊,ヨルシカ,
song_0731,春泥棒,ヨルシカ,
song_0732,千本桜,黒うさP,
song_0733,マリーゴールド,あいみょん,
song_0734,花に嵐,米津玄師,
song_0735,愛をこめて花束を,Superfly,
song_0736,忘れられないの,サカナクション,
song_0737,ドライフラワー,優里,
song_0738,粉雪,レミオロメン,
song_0739,粉雪,レミオロメン,
song_0740,美しいヒレ,スピッツ,
song_0741,染まるよ,チャットモンチー,
song_0742,染まるよ,チャットモンチー,
song_0743,星間飛行,ランカ・リー,
song_0744,糸,中島みゆき,
song_0745,ハナミズキ,一青窈,
song_0746,ワールド・ランプシェード,BuzzG,初披露
song_0747,雨とカプチーノ,ヨルシカ,
song_0748,雨晴るる,ヨルシカ,
song_0749,secret base ~君がくれたもの~,ZONE,
song_0750,裸の心,あいみょん,
song_0751,君はロックを聴かない,あいみょん,
song_0752,君はロックを聴かない,あいみょん,
song_0753,靴の花火,ヨルシカ,
song_0754,打上花火,DAOKO×米津玄師,
song_0755,夜空ノムコウ,SMAP,
song_0756,君がくれた夏,家入レオ,
song_0757,気まぐれロマンティック,いきものがかり,
song_0758,チェリー,スピッツ,
song_0759,夏色,ゆず,
song_0760,栞,クリープハイプ,
song_0761,丸の内サディスティック,椎名林檎,
song_0762,ただ君に晴れ,ヨルシカ,
song_0764,あいうぉんとぅーびーはぴー！,,
song_0765,うつつ,capsule,
song_0766,心の残響,白戸佑輔,
song_0767,結晶（👈ｺｺｽｷ‼️）,平原綾香,
song_0768,〜 ありがとうありがとうタイム🙏✨,SHINee,
song_0769,NEW KAWAII,FRUITS ZIPPER,初披露
song_0770,family name,ZOC,初披露
song_0771,ヘビーローテーション,AKB48,初披露
song_0772,最上級にかわいいの！,超ときめき♡宣伝部,初披露
song_0773,最上級にかわいいの!,超ときめき♡宣伝部,
song_0774,Make you happy,NiziU,初披露
song_0775,"Hello,world!!",BUMP OF CHICKEN,
song_0784,虹を待つ人,BUMP OF CHICKEN,前口上あり
song_0785,リボン,BUMP OF CHICKEN,前口上あり
song_0786,en.01 ガラスのブルース,BUMP OF CHICKEN,
song_0787,en.02 流星群,BUMP OF CHICKEN,
song_0788,W-en.01 spica,BUMP OF CHICKEN,ワンコーラス
song_0790,手紙 拝啓 十五の君へ,アンジェラアキ,
song_0791,欲望に満ちた青年団,ONE OK ROCK,
song_0792,Wherever you are,ONE OK ROCK,
song_0793,ノーザンクロス,シェリルノーム starring May'n,
song_0794,Believe,Folder5,
song_0795,さくらんぼ,大塚愛,
song_0796,アイロニー,ミナミイズミ,
song_0797,諦めることを諦めたい,ミナミイズミ,初披露
song_0800,雪の華,中島美嘉,take2
song_0801,新曲「ケチャップ」(ネタ),鳥飼達夫,
song_0802,ないものねだり,KANA-BOON,
song_0803,ライブはバンド編成、体調は万全に,劉若英,
song_0805,火まつり,クリープハイプ,
song_0806,エロ,クリープハイプ,
song_0807,ABCDC,クリープハイプ,
song_0808,手と手,クリープハイプ,
song_0809,パンデミックサドンデス,UNISON SQUARE GARDEN,
song_0810,"Mock,mock","ミナミイズミ, 朱名, メーメントヴァニタス",
song_0812,雨晴るる,ヨルシカ,
song_0813,雨とカプチーノ,ヨルシカ,
song_0814,晴る,ヨルシカ,
song_0815,たばこ,コレサワ,
song_0816,美しい鰭,スピッツ,
song_0817,みなと,スピッツ,
song_0818,青いベンチ,サスケ,
song_0819,Flavor Of Life,宇多田ヒカル,初披露
song_0820,First Love,宇多田ヒカル,初披露
song_0821,光,宇多田ヒカル,初披露
song_0822,ひまわりの約束,秦基博,
song_0823,鱗,秦基博,
song_0824,ハンマーソングと痛みの塔,BUMP OF CHICKEN,
song_0825,I,BUMP OF CHICKEN,
song_0826,ギルド,BUMP OF CHICKEN,
song_0827,トレモロ,RADWIMPS,
song_0828,晩餐歌,tuki.,
song_0829,ちよこれいと,さユり,初披露
song_0830,チョコレイトディスコ,Perfume,
song_0831,弱虫モンブラン,DECO*27,
song_0832,トリノコシティ,40mP,
song_0833,ドーナツホール,ハチ,
song_0834,ぐるぐる,ミナミイズミ,
song_0836,お礼タイム準備,橘麻美,
song_0837,スパチャお礼タイム,沢知恵,
song_0838,お礼タイム終了,ＣＯＲＰＯＲＡＴＥ災害,
song_0840,リスナーにお礼,Heads,
song_0841,チワワになりたい,ミナミイズミ,
song_0842,良かった,ミナミイズミ,
song_0843,ゼロに戻して,ミナミイズミ,
song_0844,青色の幻,ミナミイズミ,
song_0845,幻に酔っ払って,ミナミイズミ,
song_0846,ちいさな革命,ミナミイズミ,
song_0847,いい感じに健やかに過ごしたい話,うたたね歌菜,
song_0848,終幕,中川幸太郎,
song_0849,やさしさに包まれたなら,松任谷由実,初披露
song_0850,へび,ヨルシカ,弾き語り初披露
song_0851,やさしいキスをして,DREAMS COME TRUE,初披露
song_0852,変わらないもの,奥華子,
song_0853,波に名前をつけること、僕らの呼吸に終わりがあること。,キタニタツヤ,
song_0854,あくび(かわいい),absorb,
song_0855,新しいことをしたい波が来ている,朴冨心,
song_0856,なんでもないや,RADWIMPS,
song_0857,くだらないの中に,星野源,
song_0858,この夜を止めてよ,JUJU,
song_0861,水平線,back number,
song_0862,幸せ,back number,
song_0863,いつか,Saucy Dog,
song_0864,怪獣,サカナクション,
song_0865,境界線,amazarashi,
song_0866,花の名,BUMP OF CHICKEN,
song_0867,創聖のアクエリオン,AKINO,
song_0868,弾き語りすごいって褒めてくれて嬉しかった,ドラマ,
song_0869,1st EP 2/18にリリース,千葉翔也,
song_0870,1stライブ二次抽選受付中,浜口史郎,
song_0871,パブミラー購入時の配送の注意事項,+桃尻東京テレビジョン+,
song_0872,からくりピエロ,40mP,
song_0873,シリョクケンサ,40mP,
song_0874,ドライフラワー,優里,
song_0875,車輪の唄,BUMP OF CHICKEN,
song_0876,青の朔日,BUMP OF CHICKEN,
song_0877,I,BUMP OF CHICKEN,
song_0878,美しい鰭,スピッツ,
song_0879,チェリー,スピッツ,
song_0880,CHE.R.RY,YUI,
song_0881,again,YUI,
song_0882,キセキ,GReeeeN,
song_0883,星間飛行,ランカリー＝中島愛,
song_0884,晴る,ヨルシカ,
song_0885,負けないで,ZARD,
song_0886,みなと,スピッツ,
song_0887,Take1 -,Mzk,
song_0888,Take2 - 忘れられないの,サカナクション,
song_0889,またねがあれば,澤田空海理,
song_0890,弾き語りはいいね、明日20時にボカロ弾き語り、明後日夕方ショート録音,松山かずお,
song_0892,一旦沈静化、,炭竃智弘,
song_0893,再活性化、ホームシック衛星のメーデーのラスサビ前がやばい、,GODSPEED 音,
song_0894,沈静化、まとめ「BUMPのライブはいいぞ」,炭竃智弘,
song_0895,BUMP語り終了、自分の宣伝,澁江夏奈,
song_0896,来週は新情報いっぱい,川口雅代,
song_0897,曲フリ、54600人達成,久米大作,
song_0898,#01. 虹,ゆず,ワンコーラス
song_0899,#02. パブリック,Mrs. GREEN APPLE,
song_0900,#03. CORE PRIDE,UVERworld,Bメロからワンコーラス
song_0901,#04. more than words,羊文学,ワンコーラス
song_0902,#05. 恋の前,FINLANDS,
song_0903,#06. My Landscape,BiSH,
song_0904,#07. stereo future,BiSH,
song_0905,#08. 世界の秘密,さユり,
song_0906,次曲説明,河合塾,
song_0907,#09. 蜂と見世物(サーカス),さユり,
song_0908,#10. さよならごっこ,amazarashi,
song_0909,#11. A Thousand Miles,Vanessa Carlton,
song_0911,ー 糸,中島みゆき,
song_0913,－ 弱虫モンブラン,DECO*27,
song_0914,－ アイネクライネ,米津玄師,
song_0915,ー 楓,スピッツ,
song_0916,ー チェリー,スピッツ,
song_0917,－ 丸の内サディスティック,椎名林檎,
song_0918,－ 雨とカプチーノ,ヨルシカ,
song_0919,ー ただ君に晴れ,ヨルシカ,
song_0920,－ 火星人,ヨルシカ,
song_0921,54300人達成、伸びがすごい、みんなのおかげ、古参マウントはダメ,渡辺剛,
song_0922,ー レプリカント,ヨルシカ,
song_0923,－ 思想犯,ヨルシカ,
song_0924,ー 八月、某、月明かり,ヨルシカ,
song_0925,ー 夕凪、某、花惑い,ヨルシカ,
song_0926,ー unrabel,TK from 凛として時雨,
song_0927,－ 季節は次々死んでいく,amazarashi,
song_0928,ー スターライト,amazarashi,前口上あり
song_0929,－ 境界線,amazarashi,
song_0930,ー 空に歌えば,amazarashi,
song_0932,ー ハナミズキ,一青窈,
song_0933,しっとりした曲を歌うとセルフ睡眠導入してしまう、「しみじみしっとりシジミ」,下戸,
song_0934,－ 最後の雨,中西保志,
song_0935,ー トレモロ,RADWIMPS,
song_0936,22曲歌った,SWITCH,
song_0937,洗い物して寝る,空き缶,
song_0939,Ex1 - JANE DOE,"米津玄師, 宇多田ヒカル",サビだけ
song_0940,Ex2 - IRIS OUT,米津玄師,サビだけ
song_0941,Ex3 - はいよろこんで,こっちのけんと,サビだけ
song_0942,弾き語りするの好き、 曲フリ( I の替え歌),ピノキオP初音ミク V4 (English),
song_0944,#1 赤鼻のトナカイ (童謡),加護亜依小川麻琴アヤカ,
song_0945,#2 あわてんぼうのサンタクロース (童謡),张靓颖,
song_0946,#3 ジングルベル (童謡),陳明章,
song_0947,#4 レットイットゴー ありのままで,松たか子,
song_0948,#5 Winter Love,BoA,
song_0949,#6 雪の華,中島美嘉,
song_0950,#7 粉雪,レミオロメン,
song_0951,#8 クリスマスソング,back number,
song_0952,#9 ヒロイン,back number,
song_0953,#10 subtitle,Official髭男dism,
song_0954,#11 スノースマイル,BUMP OF CHICKEN,
song_0955,#12 Merry Christmas,BUMP OF CHICKEN,
song_0956,#13 白日,King Gnu,
song_0957,#14 天体観測,BUMP OF CHICKEN,
song_0958,14曲歌った,SWITCH,
song_0959,もうすぐハーフアニバーサリー、新人じゃなくなる、そのうち後輩ができたりして,Phew山本篤宣,
song_0960,お礼、いろいろ入用、 メンバーシップ匂わせ,森羅万象,
song_0961,ヘビーローテション,AKB48,
song_0963,- I,BUMP OF CHICKEN,Take2
song_0964,曲フリ,坂本冬美,
song_0966,特別な事は日記に記す(5年日記)、日記見返し、 曲フリ(無理矢理伏線回収),大高丈宙,
song_0968,#1 シルエット,KANA-BOON,
song_0969,#3 ミカヅキ,さユり,
song_0970,#4 花の塔,さユり,
song_0971,#5 平行線,さユり,
song_0972,#6 航海の唄,さユり,
song_0973,#7 空に歌えば,amazarashi,
song_0974,#8 unravel,TK from 凛として時雨,
song_0975,#9 God knows...,涼宮ハルヒ(平野綾),
song_0976,#10 曇天,DOES,
song_0977,#11 サムライハート,SPYAIR,
song_0978,アンケート,万貴音,
song_0979,#12 シュガーソングとビターステップ,UNISON SQUARE GARDEN,
song_0980,#13 オリオンをなぞる,UNISON SQUARE GARDEN,
song_0982,睡眠導入弾き語りの効果(リスナー談)、明日はアーカイブ見て,青田典子,
song_0983,#1 アカシア,BUMP OF CHICKEN,
song_0984,#2 Gravity,BUMP OF CHICKEN,
song_0985,#3 又三郎,ヨルシカ,
song_0986,#5 空に歌えば,amazarashi,
song_0987,#7 ブルーバード,いきものがかり,
song_0988,#8 コイスルオトメ,いきものがかり,
song_0989,#9 怪獣,サカナクション,
song_0990,#10 さよならはエモーション,サカナクション,
song_0991,#11 花の塔,さユり,
song_0992,#12 フラレガイガール,さユり,
song_0993,「弾き語りってずっと弾いてるな」、 #13 Take1 (キー違う),KOOLOGI,
song_0994,#13 有心論,RADWIMPS,
song_0995,#14 me me she,RADWIMPS,
song_0996,#15 高嶺の花子さん,back number,
song_0997,#16 幸せ,back number,
song_0998,#17 紅蓮華,LiSA,
song_0999,#18 炎,LiSA,
song_1000,#19 FIRE GROUND,Official髭男dism,
song_1001,#20 subtitle,Official髭男dism,
song_1002,#21 シュガーソングとビターステップ,UNISON SQUARE GARDEN,
song_1003,#22 夏影テールライト,UNISON SQUARE GARDEN,
song_1004,#23 心に穴が空いた,ヨルシカ,
song_1005,#24 花に亡霊,ヨルシカ,
song_1006,#25 天体観測,BUMP OF CHICKEN,
song_1007,#26 花の名,BUMP OF CHICKEN,
song_1008,#27 悲しくならないか,ミナミイズミ,原曲Ver
song_1009,#28 結晶,ミナミイズミ,
song_1011,#29 (※曲名なし),ミナミイズミ,ワンコーラス
song_1012,最後の曲フリ,シュールファイヴ,
song_1013,30曲歌った,SWITCH,
