song_name,artist,play_count
天体観測,BUMP OF CHIKEN,24
アカシア,BUMP OF CHICKEN,23
怪獣,サカナクション,18
車輪の唄,BUMP OF CHICKEN,17
季節は次々死んでいく,amazarashi,17
雨とカプチーノ,ヨルシカ,15
晴る,ヨルシカ,14
トレモロ,RADWIMPS,14
水平線,back number,14
ray,BUMP OF CHICKEN,13
なないろ,BUMP OF CHICKEN,13
sailing day,BUMP OF CHICKEN,13
チェリー,スピッツ,13
マリーゴールド,あいみょん,13
アイネクライネ,米津玄師,12
千本桜,黒うさP,12
ロミオとシンデレラ,doriko,12
ブルーバード,いきものがかり,12
残酷な天使のテーゼ,高橋洋子,12
カルマ,BUMP OF CHICKEN,11
タッチ,岩崎良美,11
美しい鰭,スピッツ,11
空に歌えば,amazarashi,10
夜咄ディセイブ,じん,10
ドーナツホール,ハチ,10
結晶,ミナミイズミ,10
オリオンをなぞる,UNISON SQUARE GARDEN,10
ロビンソン,スピッツ,10
ただ君に晴れ,ヨルシカ,9
からくりピエロ,40mP (take3),9
アイデンティティ,サカナクション,9
CHE.R.RY,Yui,9
シュガーソングとビターステップ,UNISON SQUARE GARDEN,9
紅蓮華,LiSA,9
again,YUI,9
丸の内サディスティック,椎名林檎,9
シルエット,kana-boon,9
Lemon,米津玄師,9
ミカヅキ,さユり,9
花の塔,さユり,9
怪獣の花唄,Vaundy,9
スターライト,amazarashi,8
斜陽,ヨルシカ,8
有心論,RADWIMPS,8
若者のすべて,フジファブリック,8
弱虫モンブラン,DECO*27,8
Calc.,ジミーサムP,8
気まぐれロマンティック,いきものがかり,8
花に亡霊,ヨルシカ,8
サムライハート,SPYAIR,8
ウィーアー！,きただにひろし,8
高嶺の花子さん,back number,8
夏色,ゆず,8
ダイヤモンド,BUMP OF CHICKEN,7
青のすみか,キタニタツヤ,7
火星人,ヨルシカ,7
embrace,BUMP OF CHICKEN,7
月虹,BUMP OF CHICKEN,7
話がしたいよ,BUMP OF CHICKEN,7
unravel,TK from 凛として時雨,7
トリノコシティ,40mP,7
星間飛行,ランカリー,7
アンパンマンのマーチ,ドリーミング,7
Break through,ミナミイズミ,7
ハルジオン,BUMP OF CHICKEN,6
涙のふるさと,BUMP OF CHICKEN,6
だから僕は音楽を辞めた,ヨルシカ,6
セプテンバーさん,RADWIMPS,6
真っ赤な空を見ただろうか,BUMP OF CHICKEN,6
プレゼント,BUMP OF CHICKEN,6
ダンデライオン,BUMP OF CHICKEN,6
夜明けと蛍,ナブナ,6
東京テディベア,Neru,6
サマータイムレコード,じん,6
忘れられないの,サカナクション,6
ふわふわ時間,放課後ティータイム,6
ノーザンクロス,シェリルノーム,6
God knows...,涼宮ハルヒ,6
めざせポケモンマスター,松本梨香,6
ココロのちず,BOYSTYLE,6
わたがし,back number,6
インフェルノ,Mrs. GREEN APPLE,6
新宝島,サカナクション,6
ピースサイン,米津玄師,6
ハナミズキ,一青窈,6
strawberry,BUMP OF CHICKEN,5
アンサー,BUMP OF CHICKEN,5
ワンルーム叙事詩,amazarashi,5
ナモナキヒト,amazarashi,5
夏空,Galileo Galilei,5
Aurora,BUMP OF CHICKEN,5
ギルド,BUMP OF CHICKEN,5
ヒッチコック,ヨルシカ,5
夜行,ヨルシカ,5
春泥棒,ヨルシカ,5
雨晴るる,ヨルシカ,5
靴の花火,ヨルシカ,5
爆弾魔,ヨルシカ,5
思想犯,ヨルシカ,5
才悩人応援歌,BUMP OF CHICKEN,5
花の名,BUMP OF CHICKEN,5
ホリデイ,BUMP OF CHICKEN,5
Flare,BUMP OF CHICKEN,5
宝石になった日,BUMP OF CHICKEN,5
航海の唄,さユり,5
ぐるぐる,ミナミイズミ,5
世界に一つだけの花,SMAP,5
欲望に満ちた青年団,ONE OK ROCK,5
大声ダイヤモンド,AKB48,5
まちがいさがし,菅田将暉,5
幸せ,back number,5
アイロニー,ミナミイズミ,5
Catch the Moment,LiSA,5
おやすみ泣き声、さよなら歌姫,クリープハイプ,5
ウォーミングアップ基礎練習,,5
ドライフラワー,優里,5
心做し,蝶々P,5
SOUVENIR,BUMP OF CHICKEN,4
pinkie,BUMP OF CHICKEN,4
記念撮影,,4
メーデー,BUMP OF CHICKEN,4
レム,BUMP OF CHICKEN,4
フィロソフィー,amazarashi,4
青い栞,Galileo Galilei,4
ゼロ,BUMP OF CHICKEN,4
八月、某、月明かり,ヨルシカ,4
又三郎,ヨルシカ,4
盗作,ヨルシカ,4
おしゃかしゃま,RADWIMPS,4
飴玉の唄,BUMP OF CHICKEN,4
fire sign,BUMP OF CHICKEN,4
ラフメイカー,BUMP OF CHICKEN,4
GO,BUMP OF CHICKEN,4
Butterfly,BUMP OF CHICKEN,4
サザンクロス,BUMP OF CHICKEN,4
モザイクロール,DECO*27,4
小夜子,みきとP,4
サリシノハラ,みきとP,4
シリョクケンサ,40mP,4
ハロ／ハワユ,ナノウ,4
ダブルラリアット,アゴアニキP,4
ロストワンの号哭,Neru,4
ハッピーシンセサイザ,Easy Pop,4
メランコリーキッチン,ハチ,4
ムーンライト伝説,DALI,4
君の知らない物語,supercell,4
Shout Baby,緑黄色社会,4
瞬間センチメンタル,SCANDAL,4
Believe,Folder5,4
愛迷エレジー,DECO*27,4
サウダージ,ポルノグラフィティ,4
コイスルオトメ,いきものがかり,4
FLY HIGH!!,BURNOUT SYNDROMES,4
平行線,さユり,4
最後の雨,中西保志,4
ひまわりの約束,秦基博,4
フライングゲット,AKB48,4
Pretender,Official髭男dism,4
晩餐歌,Tuki.,4
裸の心,あいみょん,4
"Hello, world!",BUMP OF CHICKEN,3
クロノスタシス,BUMP OF CHICKEN,3
太陽,BUMP OF CHICKEN,3
窓の中から,,3
境界線,amazarashi,3
風に流離い,amazarashi,3
性善説,amazarashi,3
逃避行,amazarashi,3
とどめを刺して,amazarashi,3
空洞空洞,amazarashi,3
オンリーロンリーグローリー,BUMP OF CHICKEN,3
firefly,BUMP OF CHICKEN,3
花人局,ヨルシカ,3
前前前世,RADWIMPS,3
me me she,RADWIMPS,3
かさぶたぶたぶ,BUMP OF CHICKEN,3
東京賛歌,,3
彼女と星の椅子,BUMP OF CHICKEN,3
アルエ,BUMP OF CHICKEN,3
新世界,BUMP OF CHICKEN,3
white note,,3
(please) forgive,BUMP OF CHICKEN,3
魔法の料理 君から君へ,BUMP OF CHICKEN,3
BABY STEP,LAMP IN TARREN,3
アイロニ,すこっぷ,3
ルカルカ★ナイトフィーバー,samfree,3
天ノ弱,164,3
裏表ラバーズ,wowaka,3
吉原ラメント,亜紗,3
リライト,ASIAN KUNG-FU GENERATION,3
君はロックを聞かない,あいみょん,3
今宵の月のように,エレファントカシマシ,3
新時代,Ado,3
memories,大槻マキ,3
プロミスザスター,BiSH,3
Wherever you are,ONE OK ROCK,3
ワールドランプシェード,buzzG,3
愛を伝えたいだとか,あいみょん,3
vivi,米津玄師,3
赤いスイートピー,松田聖子,3
光と影,ハナレグミ,3
Just Be Friends,Dixie Flatline,3
KissHug,aiko,3
桜のあと,UNISON SQUARE GARDEN,3
藍二乗,ヨルシカ,3
わたしの一番かわいいところ,FRUITS ZIPPER,3
打上花火,DAOKO×米津玄師,3
曇天,DOES(初披露),3
さよならはエモーション,サカナクション,3
(Mary Gold,Aimyon),3
なないろ／BUMP OF CHICKEN,,3
ぐるぐる／ミナミイズミ,,3
Sleep Walking Orchestra,,2
邂逅,,2
Gravity,,2
木漏れ日と一緒に,,2
もう一度,amazarashi,2
バナナフィッシュの浜辺と黒い虹,Galileo Galilei,2
ロストマン,,2
R.I.P.,,2
ファイター,,2
悪魔の踊り方,キタニタツヤ,2
PINK,キタニタツヤ,2
スカー,キタニタツヤ,2
言って。,ヨルシカ,2
夜紛い,ヨルシカ,2
チノカテ,ヨルシカ,2
ノーチラス,ヨルシカ,2
レプリカント,ヨルシカ,2
心に穴が空いた,ヨルシカ,2
君と羊と青,RADWIMPS,2
voyager,,2
プラネタリウム,BUMP OF CHICKEN,2
ひとりごと,BUMP OF CHICKEN,2
arrows,,2
銀河鉄道,,2
同じドアをくぐれたら,,2
スノースマイル,BUMP OF CHICKEN (ライブアレンジver),2
夢の飼い主,,2
Stage of the ground,BUMP OF CHICKEN,2
ベンチとコーヒー,BUMP OF CHICKEN,2
グングニル,,2
ベストピクチャー,,2
リリィ,,2
Ever lasting lie,,2
グロリアスレボリューション,,2
ガラスのブルース,BUMP OF CHICKEN,2
ナイフ,BUMP OF CHICKEN,2
Small world,BUMP OF CHICKEN,2
青の朔日,BUMP OF CHICKEN,2
シリウス,,2
アリア,,2
望遠のマーチ,BUMP OF CHICKEN,2
Spica,BUMP OF CHICKEN,2
流れ星の正体,,2
"Hello,world!",BUMP OF CHICKEN,2
パレード,,2
孤独の合唱,BUMP OF CHICKEN,2
You were here,,2
虹を待つ人,BUMP OF CHICKEN,2
ラストワン,,2
morning glow,BUMP OF CHICKEN,2
トーチ,BUMP OF CHICKEN,2
友達の唄,,2
グッドラック,BUMP OF CHICKEN,2
歩く幽霊,BUMP OF CHICKEN,2
三ツ星カルテット,,2
分別奮闘記,,2
HAPPY,BUMP OF CHICKEN,2
セントエルモの火,皇美緒奈,2
宇宙飛行士への手紙,,2
Merry Christmas,,2
ジュブナイル,Juvenile (初披露),2
僕が死のうと思ったのは,Amazarashi,2
猟奇的なキスを私にして,ゲスの極み乙女。,2
#2 残酷な天使のテーゼ,高橋洋子,2
#30 Break through,ミナミイズミ,2
ヨンジュウナナ,みきとP,2
マトリョシカ,ハチ,2
ローリンガール,wowaka,2
幻の命,SEKAI NO OWAR,2
Diver,NICO Touches the Walls,2
夢をかなえてドラえもん,mao,2
daze,じん,2
God knows…,涼宮ハルヒ(CV.平野綾),2
くせのうた,星野源,2
風を食む,ヨルシカ,2
真赤,My Hair is Bad,2
ワールズエンドダンスホール,wowaka,2
ハイゲイン,ヒトリエ,2
脳漿炸裂ガール,れるりり,2
六兆年と一夜物語,kemu,2
花に嵐,米津玄師,2
スーパースターになったら,Back number,2
弦切れた,,2
眠り姫,SEKAI NO OWARI,2
相思相愛,Aiko,2
Subtitle,Official髭男dism,2
純情スカート,40mP,2
サブリナ,家入レオ,2
アボカド,Yonige,2
ココロジェリーフィッシュ,ヒグチアイ,2
栄光の架橋,ゆず,2
ポニーテールとシュシュ,AKB48,2
君がくれた夏,家入レオ,2
真夏の果実,サザンオールスターズ,2
secret base 〜君がくれたもの〜,ZONE,2
赤い糸,コブクロ,2
憂、燦々,クリープハイプ,2
昼鳶,ヨルシカ,2
オッドアイ,さユり,2
ANIMA,ReoNa,2
(Himawari no Yakusoku,Motohiro Hata),2
(Hana ni Bourei,Yorushika),2
粉雪,レミオロメン,2
夜空ノムコウ,SMAP,2
心の残響,ミナミイズミ,2
ヘビーローテーション,AKB48 (初披露),2
開始,,2
Wherever you are／ONE OK ROCK,,2
さくらんぼ／大塚愛,,2
やさしさに包まれたなら,松任谷由実 (初披露),2
幸せ／back number,,2
BABY STEP／LAMP IN TERREN,,2
花に亡霊／ヨルシカ,,2
夜明けと蛍／n-buna,,2
天ノ弱／164,,2
からくりピエロ／40mP,,2
トリノコシティ／40mP,,2
シリョクケンサ／40mP,,2
ロミオとシンデレラ／doriko,,2
ミカヅキ／さユり,,2
炎／LiSA,,2
マリーゴールド／あいみょん,,2
君はロックを聴かない／あいみょん,,2
鱗／秦基博,,2
桜／コブクロ,,2
気まぐれロマンティック／いきものがかり,,2
ドーナツホール／ハチ,,2
ココロのちず／BOYSTYLE,,2
ウィーアー！／きただにひろし,,2
シュガーソングとビターステップ／UNISON SQUARE GARDEN,,2
オリオンをなぞる／UNISON SQUARE GARDEN,,2
恋／星野源,,2
Break through／ミナミイズミ,,2
アイネクライネ／米津玄師,,2
へび／ヨルシカ,,2
サマータイムレコード／じん,,2
タッチ／岩崎良美,,2
怪獣／サカナクション,,2
めざせポケモンマスター／松本梨香,,2
晴る／ヨルシカ,,2
Strawberry,,1
en.01 you were here,,1
en.02 ガラスのブルース,,1
en.03 花の名,,1
ナイトメア,amazarashi,1
黎明期,amazarashi,1
痛覚,amazarashi,1
アダプテット,amazarashi,1
アンチノミー,amazarashi,1
配信が止まるトラブル発生,,1
少し巻き戻して再開,,1
多数決,amazarashi,1
美しき思い出,amazarashi,1
アンアライブ,amazarashi,1
1.0,amazarashi,1
クライマー,,1
サークルゲーム,,1
恋の寿命,,1
明日へ,,1
ハローグッバイ,,1
四ツ葉さがしの旅人,,1
僕から君へ,,1
乗車権のイントロのライブアレンジ,,1
今後どんな「BUMP OF CHICKEN」縛りがいいと思う？,,1
ライブハウスは行けましたか？,,1
思い出した。この日チャマさんが投げたペットボトルの水か掛かった,,1
藤原さんの誕生日と「はじめてのチュウ」を歌ってくれた話,,1
"STADIUM TOUR 2016 ""BFLY"" のセトリ",,1
デッドウェイト,,1
rapport,,1
ちはる,,1
デマゴーグ,,1
白無垢,,1
波に名前を付けること、僕らの呼吸に終わりがあること。,,1
ずうっといっしょ！,,1
人間みたいね,,1
ナイトルーティーン,,1
芥の部屋は錆色に沈む,,1
EX. shorts動画公開録音,,1
夕凪、某、花惑い,,1
詩書きとコーヒー,,1
春ひさぎ,,1
五月は花緑青の窓辺から,,1
ブレーメン,,1
花二亡霊,,1
DADA,,1
五月の蝿,,1
会心の一撃,,1
魔法鏡,,1
最大公約数,,1
supernova,,1
ハンマーソングと痛みの塔,,1
時空かくれんぼ,,1
flyby,,1
オンリー ロンリー グローリー,,1
乗車権,,1
睡眠時間,,1
Title of mine,,1
キャッチボール,,1
メロディーフラッグ,,1
ベル,,1
バイバイサンキュー,,1
Opening,,1
続くだらない唄,,1
LAMP,,1
くだらない唄,,1
リトルブレイバー,,1
ノーヒットノーラン,,1
とっておきの唄,,1
バトルクライ,,1
BUMP OF CHICKENのテーマ,,1
ジャングルジム,,1
リボン,,1
流星群,,1
コロニー,,1
大我慢大会,,1
Smile,,1
ほんとのほんと,,1
ディアマン,,1
ウェザーリポート,,1
モーターサイクル,,1
透明飛行船,,1
66号線,,1
angel fall,,1
イノセント,,1
beautiful glider,,1
good friends,,1
キャラバン,,1
さよならごっこ,Sayonara Gokko (初披露),1
爆弾の作り方,Bakudan no Tsukurikata (初披露),1
オープニング、明日22時から5万人耐久弾き語り、昼の弦交換配信で出た話題(ASMR)、今寒い、みんなか自分が眠くなるまで睡眠導入、 (あくび),,1
#1 たばこ,コレサワ,1
#2 丸の内サディスティック,椎名林檎,1
#3 はなびら,back number,1
#4 真赤,My Hair is Bad,1
#5 この夜を止めてよ,JUJU,1
#6 bathroom,ユアネス,1
take1,,1
#7 HANABI,いきものがかり (take2),1
#8 気まぐれロマンティック,いきものがかり,1
#9 ブルーバード,いきものがかり,1
#11 ナモナキヒト,amazarashi,1
#12 逃避行,amazarashi,1
喋っていい？(言語化開始)、音楽しかできることがない、,,1
数字を気にしてしまう、数字に左右されない自分でありたい,,1
好きなことだけで生活は難しい、音楽を辞めようと考えたこともある(思い直してる),,1
先輩登場、今幸せ、音楽で生活できるといいね (言語化終了),,1
#13 fire sign,BUMP OF CHICKEN,1
#14 embrace,BUMP OF CHICKEN,1
#15 オッドアイ,さユり,1
#16 ミカヅキ,さユり,1
#17 トレモロ,RADWIMPS,1
#18 セプテンバーさん,RADWIMPS,1
(あくび),,1
#19 秒針を噛む,ずっと真夜中でいいのに。,1
#20 僕から君へ,Galileo Galilei,1
#21 さよならはエモーション,サカナクション,1
#22 怪獣,サカナクション,1
#23 青のすみか,キタニタツヤ,1
#24 ロミオとシンデレラ,doriko,1
#25 千本桜,黒うさP,1
#26 ムーンライト伝説,DALI,1
#27 雨とカプチーノ,ヨルシカ,1
#28 夜行,ヨルシカ,1
#29 花人局,ヨルシカ,1
#30 オリオンをなぞる,UNISON SQUARE GARDEN,1
#31 シュガーソングとビターステップ,UNISON SQUARE GARDEN ( 49750人達成),1
49750人達成ありがとう⇒ 1人減ったので続行を宣言⇒すぐに再達成⇒次でラスト,,1
#32 水平線,back number,1
久々の長時間配信、明日の5万人耐久は21時からカラオケ配信、感想はエゴサする,,1
お疲れさまでした。「悲しくならないか」での咳払いが演出と気付いて凄いなって鳥肌立ちました (),,1
楽しくやっていこう、 ゲームとか朗読とか新しいことはしばらく保留、ショート動画録音は週1やりたい,,1
冒頭の雑談パートおわり(じゃない)、二胡、創作、音楽理論は修めてない、 ギターに目覚めて,,1
みなさんには眠ってもらう,,1
#1 Wherever you are,ONE OK ROCK,1
#2 からくりピエロ,40mP,1
#3 ハナミズキ,一青窈,1
#4 忘れられないの,サカナクション,1
#5 楓,スピッツ,1
#6 チェリー,スピッツ,1
ネムクナッテキタ、 (かわいい)、セルフ睡眠導入,,1
#7 アカシア,BUMP OF CHICKEN,1
(かわいい),,1
#8 靴の花火,ヨルシカ,1
#9 Calc.,ジミーサムP,1
活動4ヵ月半で動画が342本ある、 実は眼鏡/コンタクト使用者、眼鏡が壊れそう,,1
#10 旅立ちの日に (合唱曲),作曲 坂本浩美,1
#11 千の風になって,秋川雅史,1
#12 unravel,TK from 凛として時雨,1
デスボイスの練習してる、 (選曲中) ただいま考え中,,1
#13 心拍数♯0822,蝶々P,1
#14 水平線,back number,1
#15 雨晴るる,ヨルシカ,1
ミンナナカナカネナイネ？、 (かわいい)、 原キーで弾いてみる,,1
#16 晴る,ヨルシカ,1
#17 トリノコシティ,40mP,1
48800人達成、 WAになって踊ろう、オリ曲を届けたい,,1
#18 Break through,ミナミイズミ,1
先日の女性ボーカル縛りでオリ曲11曲歌った話、 5年前に作った曲を初披露する、 思い出しタイム,,1
#19 燃えてゆく,ミナミイズミ,1
宮沢賢治「よだかの星」がテーマの歌、昔から青色が好き、 もう1曲やっていい？(イイヨー)、 Break through のお兄ちゃん,,1
#20 悲しくならないか,ミナミイズミ,1
活動テーマを予知していたかのような歌、 オリ曲発掘したら歌いたくなった、,,1
#1 タッチ,岩崎良美,1
#3 ただ君に晴れ,ヨルシカ,1
#4 八月、某、月明かり,ヨルシカ,1
#5 晴る,ヨルシカ,1
#6 だから僕は音楽を辞めた,ヨルシカ,1
#7 愛を伝えたいだとか,あいみょん,1
リクエスト - 貴方解剖純愛歌 死ね,あいみょん (サビだけ),1
#8 マリーゴールド,あいみょん,1
#9 コイスルオトメ,いきものがかり,1
#10 ブルーバード,いきものがかり,1
#11 気まぐれロマンティック,いきものがかり,1
#12 フライングゲット,AKB48,1
#13 ポニーテールとシュシュ,AKB48,1
#14 CHE.R.RY,Yui,1
#15 again,Yui,1
#16 チョコレイトディスコ,Perfume,1
#17 丸の内サディスティック,椎名林檎,1
#18 Dear...,西野カナ,1
#19 Best Friend,西野カナ,1
#20 ぐるぐる,ミナミイズミ,1
#21 アイロニー,ミナミイズミ,1
#22 良かった,ミナミイズミ,1
#23 美しくならないで,ミナミイズミ,1
#24 コントラスト,ミナミイズミ,1
#25 明けない夜は無いとしたら,ミナミイズミ,1
#26 この暗闇を抜け出すまでは,ミナミイズミ,1
#27 明日を歌う今日の唄,ミナミイズミ,1
#28 もう一度ぼくは,ミナミイズミ,1
何者にもなれないって悪いことかな,ミナミイズミ (サビのみ),1
いい子ちゃん,ミナミイズミ (歌詞朗読),1
#29 チワワになりたい,ミナミイズミ,1
弾き語り大好き、 #6 take1⇒ギター調整、 #6 take2⇒再調整、 (かわいい),,1
替え歌,,1
久しぶりにたくさん弾いた、やっぱり弾き語りが好き、明日帰省する、風邪には気を付けよう、,,1
新しいミナミイズミ、実質みんな初見、 イズミ構文「歌える曲なら歌えるかも、歌えない曲は歌えない」、電気消して真っ暗で歌おう,,1
羞恥心,羞恥心 (ワンコーラス),1
みんな起きてる？寝た？夢の中からコメントしてる？今日は叩き起こさんから。寝ながら聴いて,,1
自分が眠たくなってきた、あくびでよく顎が外れるという話、特技はBUMPの逆イントロドンと卵を片手で割ること (メロディー),,1
今私が音楽続けられてるのはBUMPのおかげ、 BUMPにありがとうって言って,,1
Secret base〜君がくれたもの,ZONE,1
泣かないで からの羞恥心(ﾃﾞｼﾞｬﾌﾞ)、 ﾒﾝﾏ ﾐﾂｶｯﾁｬｯﾀ、眠くなってきたので次ラスト、オリ曲やっていい？イイヨー、オリ曲をもっといろんな人に届けたい,,1
ファンレターを実は受け付けてる、手紙めっちゃほしい、 結晶、 ぐるぐるどっか ん!、 手紙 拝啓 十五の君へ 、,,1
貰った手紙は全部保管してる、チキンラーメンのひよこ、 数え歌、 サイレントギター弾くときニコルのクッションを抱えている、,,1
BUMPありがとうって言って(2回目)、BUMPはアバラの痛みにも効く、 ベル、自分が作った音楽で誰かに良い影響を与えたい、 ﾐﾝﾅﾉｺﾄｼｯﾃﾝﾀﾞｶﾗ、圧やめない、,,1
amazarashiのライブまた申し込んだよ、ライブ大好き、配信大好き、体が弾き語りを求めている、SDさんのおかげでレコーディングが楽しい、褒められすぎると疑心暗鬼になる、今夜の睡眠導入はちゃんと寝かせるから、人との距離感、ミナミイズミは大型犬、 過去に作った曲を昇華させたい、出会いはモチベになる,,1
秒針を噛む,ずっと真夜中でいいのに。,1
恋愛サーキュレーション,千石撫子,1
-. JANE DOE(サビだけ口ずさむ),,1
ずうっといっしょ！/ キタニタツヤ,,1
"Ch.登録45,000人おめでとうございます！",,1
ビンクスの酒,麦わらの一味,1
怒りをくれよ,GLIM SPANKY,1
BRAND NEW WORLD,D-51,1
One day,The ROOTLESS,1
長い間,Kiroro,1
さよならエレジー,菅田将暉,1
Flareと重なる話,,1
ロスタイムメモリー,じん,1
二十九、三十,クリープハイプ,1
- IRIS OUT,,1
歩く,ヨルシカ,1
それは小さな光のような,さユり,1
Rising Hope,LiSA(初披露かもしれない),1
コメントに関するお願い,,1
"Hello, world!のライブアレンジからBUMP語り",,1
(take 2 ) ray,BUMP OF CHICKEN,1
(take 2. ) God knows…,涼宮ハルヒ(CV.平野綾),1
何回言うけど「睡眠って大事」,,1
誕生日前夜オリ曲ライブ,,1
七海うららさんコメントの登場,,1
うららさんの髪の毛の色になりたい,,1
恋の間奏の「タランタンタランタラン。。。」がとっても良い,,1
今日ぐっすり眠れた理由,,1
今日はチャマさんの誕生日,,1
さくらんぼ,大塚愛,1
今日はジル先輩とお散歩してきた,,1
３日前５曲はで配信終わった日　先輩からケアされた話,,1
無原唱レコードのみんなに支えられまくり,,1
打合せでディレクターさんに昨日の配信の感想を聞いたら「うん、まあ」,,1
レコーディングはいっつも楽しい　サウンドディレクターは褒め上手,,1
ギターを始めてみたいけど何がいいですか？,,1
ジルさんが「ジャングルジムあるんだけど」,,1
「ジャカジャカ弾き語りスタイル」は少なからずさユりさんの影響ある,,1
何回も言うけど今週末誕生日前夜祭オリ曲だけ歌う！,,1
地獄でなぜ悪い,星野源,1
CH登録41000人達成　おめでとうございます！,,1
青いベンチ,サスケ,1
にじいろ,絢香,1
流星,コブクロ,1
光と闇,さユり(初披露),1
ドリフの早口ことば,ザドリフターズ,1
社会の窓,クリープハイプ,1
エンヴィキャットウォーク,トーマ,1
(t2 ) 言って。,ヨルシカ,1
2AM BUMP OF CHICKEN festival,,1
"改めてうれしい40,000人",,1
「年下の男の子」は上白石萌音のカバーをよく聴いていた,,1
1曲目のプレゼントはお母さんのカラオケで知った、,,1
いつものようにセルフアンコール,,1
10万人目標！？,,1
「Landmarks」3rd RELEASE 2025 10　同期3人のオリ曲,,1
無原唱レコードカフェ in JAM Akihabara,,1
年下の男の子,キャンディーズ,1
永遠はきらい,上白石萌音,1
チョコレイトディスコ,Perfume,1
恋愛レボリューション21,モーニング娘。,1
登録者40000人達成　おめでとうございます！,,1
1弦を６本セット買いました,,1
izumeet楽しかった→同期編やりたい,,1
メーメントヴァニタス、コメントに登場,,1
10月にizumeet同期編やります！,,1
美緒奈さんからLINE,,1
響声破笛丸の案件待ってます,,1
izumeet楽しかった→人に会いたい,,1
実はお酒飲んだ→You ara here,,1
みんなは寂しい時どうしてんの？,,1
ずっと人と一緒におんのは嫌やけど、でも、一人は寂しい,,1
自分から誘えないタイプ,,1
事務所の人と絶対仲良くなろうと思って自分から行動した,,1
お世辞言われたくないから、お世辞言わないのかも,,1
買って使ってない機材どんどん増えて、,,1
お母さんからLIME,,1
少女レイ,みきとP,1
微笑みの爆弾（幽遊白書）,馬渡松子,1
水色ファンファーレ,白河しらせ,1
極彩的ミラージュ,蜜乃木ジル,1
ブルーバード（ナルト）,いきものがかり,1
Awaken Now,松永依織,1
見守りコメント、今食べたいものいいね,,1
事務所の先輩の3Dお披露目ライブめっちゃよかった,,1
みんなん聞いて「10月13日㈷ミナミイズミ誕生日」,,1
明日は歌で殴り合いになるかも,,1
節約において大事なことは固定費を削ること,,1
防音室はレンタルしてよかった,,1
みなさんにお知らせがあります　「１弦切れました」,,1
弦交換なう,,1
39000人達成,,1
39000人達成おめでとう！ありがとう！,,1
今日の名言「ミナミイズミ伸びたい」,,1
あいうぉんとぅびーはぴー！,ミナミイズミ,1
寝るのもったいなくなって,,1
深夜テンションでマイク買った,,1
願い事は言っていかないと叶わへんから,,1
この世の中にある一番いい「ジャーン」はサザンクロス,,1
ライブ2曲目アンサーでめっちゃ刺さって泣いた,,1
ミナミイズミが6時をお知らせいたします,,1
月曜日か、一週間頑張っていきましょう！,,1
harmonized finale,UNISON SQUARE GARDEN,1
NE-TAXI,クリープハイプ(初披露),1
さよならエモーション,サカナクション,1
オープニング映像出し忘れで焦る,,1
心臓に悪い話,,1
ピック収穫,,1
初カバーショート動画は「怪獣,サカナクション」明日でショート動画100本目,1
ミナミイズミ　BUMP OF CHICKENが大好き（いつもの）,,1
満月の夜なら,あいみょん,1
フラレガイガール,さユり,1
漂白,あいみょん(初披露の気持ち),1
好きなコナンの映画,,1
高評価1000　登録者37600人　ありがとうございます。,,1
My landscape,BiSH,1
花鳥風月,SEKAI NO OWARI,1
私の思春期へ,赤頬思春期(BOL4),1
雪の華,中島美嘉,1
妄想税,DECO*27,1
ストリーミングハート,DECO*27,1
リンネ,ハチ,1
ERROR,niki,1
magnet,流星P,1
1925,とみー,1
( take 2) ケッペキショウ,すこっぷ,1
心拍数♯0822,蝶々P,1
Catch the moment,LiSA,1
おどるポンポコリン,B.B.クイーンズ(初披露),1
アンパンマンたいそう,ドリーミング(初披露),1
陽炎,フジファブリック,1
innocence,LAMP IN TERREN,1
Water Lily,LAMP IN TERREN,1
別の人の彼女になったよ,wacci,1
瞳に映らない,indigo la End,1
おかえり,絢香,1
さよならアイデンティティー,Yonige(初披露),1
美しい棘,GLIM SPANKY,1
涙のイエスタデー,GARNET CROW,1
今夜このまま,あいみょん,1
don't cry anymore,miwa,1
===== 「今日はよう声でるわ」 好きなナルトのキャラクターは...ブリーチの好きなキャラは...ワンピースは...,,1
HANABI,いきものがかり(初披露),1
chAngE,Miwa(初披露),1
さユり航海の唄,さユり,1
===== 弦が切れた！今週弦切れんの3回目　弦交換中70人登録,,1
FIRE GROUND,Official髭男dism,1
微笑みの爆弾,馬渡松子,1
() ドライフラワー,優里,1
===== チャンネル登録者２万７０００人,,1
波に名前をつけること僕らの呼吸に終わりがあること波に,キタニタツヤ(初披露),1
===== 弦が切れた！弦交換中6人登録,,1
夏祭り,JITTERIN'JINN,1
===== もうちょとやろか⇒延長,,1
夏影テールライト,UNISON SQUARE GARDEN,1
オリオンをなぞ.る,UNISON SQUARE GARDEN,1
君になれ,コブクロ,1
クリスマスソング,back number,1
酸欠少女,さユり,1
正攻法,SUPER BEAVER,1
砂の惑星,ハチ,1
恋愛裁判,40mP,1
カゲロウデイズ,じん,1
ピエロ,KEI,1
センチメンタルピリオド,UNISON SQUARE GARDEN,1
マスターボリューム,UNISON SQUARE GARDEN,1
- マーメイドスキャンダラス (1C),UNISON SQUARE GARDEN,1
ソラニン,ASIAN KUNG-FU GENERATION,1
ヒューズ,日向文,1
アノニマス,さユり,1
() ナイフ,BUMP OF CHICKEN,1
PON,,1
Ginger,TOMOO,1
short hair,Base Ball Bear,1
I LOVE YOU,尾崎豊,1
swim,04 Limited Sazabys,1
Week End,星野源,1
kissHug,aiko,1
don’t cry anymore,miwa,1
ローリンガール (2010),wowaka,1
愛を伝えたいだとか (2017),あいみょん,1
悪魔の踊り方 (2018),キタニタツヤ,1
オリオンをなぞる (2011),UNISON SQUARE GARDEN,1
平行線 (2017),さユり,1
サムライハート(2011),SPYAIR,1
フライングゲット (2011),AKB48,1
夜咄ディセイブ (2013),じん,1
千本桜 (2011),黒うさP,1
空に歌えば (2017),amazarashi,1
準透明少年 (2018),ヨルシカ,1
晴る (2024),ヨルシカ,1
カルマ (2005),BUMP OF CHICKEN,1
うっせぇわ (2020),Ado,1
God knows… (2006),涼宮ハルヒ(CV: 平野綾),1
ピースサイン (2017),米津玄師,1
タッチ (1985),岩崎良美,1
完全感覚Dreamer (2010),ONE OK ROCK,1
ノーザンクロス (2008),シェリルノーム starring May’n,1
again (2009),YUI,1
天体観測 (2001),BUMP OF CHICKEN,1
寝癖,クリープハイプ,1
いつか,Saucy Dog,1
RPG,SEKAI NO OWARI,1
ひまわり,遊助 (初披露),1
(Himawari,Yuusuke),1
(Flower Tower,Sayuri),1
さくら,森山 直太朗 (初披露),1
(Sakura,Naotaro Moriyama),1
野に咲く花のように,,1
(Red Sweet Pea,Seiko Matsuda),1
(Tsubomi,Kobukuro),1
(Hanamotase,Yorushika),1
強盗と花束,ヨルシカ (初披露),1
(Goutou to Hanataba,Yorushika),1
(Spring Thief,Yorushika),1
(Senbon Zakura,Kurousa P),1
(Hana ni Arashi,Kenshi Yonezu),1
愛をこめて花束を,Superfly,1
(Wasurerarenaino,Sakanaction),1
(Dried Flower,Yuuri),1
(Konayuki,Remioromen),1
(Utsukushii Hire,Spitz),1
染まるよ,チャットモンチー,1
(Somaruyo,Chat Monkey),1
(Seikan Hikou,Ranka Lee),1
(Ito,Miyuki Nakajima),1
(Hanamizuki,Yo Hitoto),1
ワールド・ランプシェード,BuzzG (初披露),1
(Rain and Cappuccino,Yorushika),1
(Ame Haruru,Yorushika),1
secret base ~君がくれたもの~,ZONE,1
(Hadaka no Kokoro,Aimyon),1
君はロックを聴かない,あいみょん,1
(Kimi ha Rock wo Kikanai,Aimyon),1
(Kutsu no Hanabi,Yorushika),1
(Uchiage Hanabi,DAOKO × Kenshi Yonezu),1
(Kimi ga Kureta Natsu,Leo Ieiri),1
(Kimagure Romantic,Ikimonogakari),1
(Cherry,Spitz),1
(Natsuiro,Yuzu),1
(Shiori,CreepHyp),1
(Marunouchi Sadistic,Ringo Sheena),1
(Tada Kimi ni Hare,Yorushika),1
God Knows…,涼宮 ハルヒ,1
開始 ✨(o🪄'▽')o🪄,,1
あいうぉんとぅーびーはぴー！,,1
うつつ,,1
結晶（👈ｺｺｽｷ‼️）,,1
Break Through,,1
〜 ありがとうありがとうタイム🙏✨,,1
NEW KAWAII,FRUITS ZIPPER (初披露),1
family name,ZOC (初披露),1
最上級にかわいいの！,超ときめき♡宣伝部 (初披露),1
(Saijoukyu ni Kawaiino!,Chou Tokimeki ♡ Sendenbu),1
Make you happy,NiziU (初披露),1
"Hello,world!!",,1
2/18 1st EP リリース⇒ 2/13 21時からクロスフェードを投稿、編曲家からのコメントもあり,,1
言い残したこと⇒ BUMP 30周年への思い,,1
アクリルキーホルダー デザイン公開,,1
おさらい,,1
告知タイム終了,,1
※ 日付変更直前にBUMPに動きあり。確認のため待機,,1
※ 12. take1,,1
虹を待つ人 (前口上あり),,1
リボン (前口上あり),,1
en.01 ガラスのブルース,,1
en.02 流星群,,1
W-en.01 spica (ワンコーラス),,1
1st EP トレイラーのお知らせ,,1
手紙 拝啓 十五の君へ ／アンジェラアキ,,1
欲望に満ちた青年団／ONE OK ROCK,,1
ノーザンクロス／シェリルノーム starring May'n,,1
Believe／Folder5,,1
アイロニー／ミナミイズミ,,1
諦めることを諦めたい／ミナミイズミ(⭐初披露),,1
※ハミング練習,,1
(take1) 途中で配信停止トラブル⇒やり直し,,1
(take2) 雪の華,中島美嘉,1
新曲「ケチャップ」(ネタ),,1
ないものねだり,KANA-BOON,1
ライブはバンド編成、体調は万全に,,1
活動開始ごく初期の頃を懐かしむ,,1
火まつり,クリープハイプ,1
エロ,クリープハイプ,1
ABCDC,クリープハイプ,1
手と手,クリープハイプ,1
パンデミックサドンデス,UNISON SQUARE GARDEN,1
"Mock,mock","ミナミイズミ, 朱名, メーメントヴァニタス",1
3時間後にメン限雑談、今日でメンバーシップ開設1カ月、「わず、うぃる、なう」(なう以外死語),,1
01. 雨晴るる／ヨルシカ,,1
02. 雨とカプチーノ／ヨルシカ,,1
03. 晴る／ヨルシカ,,1
04. たばこ／コレサワ,,1
05. 美しい鰭／スピッツ,,1
06. みなと／スピッツ,,1
07. 青いベンチ／サスケ,,1
08. Flavor Of Life／宇多田ヒカル(⭐初披露),,1
09. First Love／宇多田ヒカル(⭐初披露),,1
10. 光／宇多田ヒカル(⭐初披露),,1
11. ひまわりの約束／秦基博,,1
12. 鱗／秦基博,,1
13. ハンマーソングと痛みの塔／BUMP OF CHICKEN,,1
14. I／BUMP OF CHICKEN,,1
15. ギルド／BUMP OF CHICKEN,,1
16. トレモロ／RADWIMPS,,1
17. 晩餐歌／tuki.,,1
18. ちよこれいと／さユり(⭐初披露),,1
19. チョコレイトディスコ／Perfume,,1
20. 弱虫モンブラン／DECO*27,,1
21. トリノコシティ／40mP,,1
22. ドーナツホール／ハチ,,1
23. ぐるぐる／ミナミイズミ,,1
タイミングよく6万人達成した話、明日レコーディングがある、明日22時に宴する！(苺を用意),,1
お礼タイム準備,,1
スパチャお礼タイム,,1
お礼タイム終了,,1
セルフアンコール宣言(最後にオリ曲歌う),,1
リスナーにお礼,,1
チワワになりたい,ミナミイズミ,1
良かった,ミナミイズミ,1
ゼロに戻して,ミナミイズミ,1
青色の幻,ミナミイズミ,1
幻に酔っ払って,ミナミイズミ,1
ちいさな革命,ミナミイズミ,1
いい感じに健やかに過ごしたい話,,1
終幕,,1
へび,ヨルシカ (弾き語り初披露),1
やさしいキスをして,DREAMS COME TRUE (初披露),1
変わらないもの,奥華子,1
波に名前をつけること、僕らの呼吸に終わりがあること。,キタニタツヤ,1
あくび(かわいい),,1
新しいことをしたい波が来ている,,1
なんでもないや,RADWIMPS,1
くだらないの中に,星野源,1
この夜を止めてよ,JUJU,1
1/28発売のVtuberスタイル2月号に🚥特集＆単独インタビュー、1/27 EP続報あり配信,,1
本日のお知らせまとめ、 (鳴き声),,1
01. 水平線／back number,,1
02. 幸せ／back number,,1
03. いつか／Saucy Dog,,1
04. 怪獣／サカナクション,,1
05. 境界線／amazarashi,,1
06. 花の名／BUMP OF CHICKEN,,1
創聖のアクエリオン,AKINO,1
弾き語りすごいって褒めてくれて嬉しかった,,1
1st EP 2/18にリリース,,1
1stライブ二次抽選受付中,,1
パブミラー購入時の配送の注意事項,,1
01. からくりピエロ／40mP,,1
02. シリョクケンサ／40mP,,1
03. ドライフラワー／優里,,1
04. 車輪の唄／BUMP OF CHICKEN,,1
05. 青の朔日／BUMP OF CHICKEN,,1
06. I／BUMP OF CHICKEN,,1
07. 美しい鰭／スピッツ,,1
08. チェリー／スピッツ,,1
09. CHE.R.RY／YUI,,1
10. again／YUI,,1
11. キセキ／GReeeeN,,1
12. 星間飛行／ランカリー＝中島愛,,1
13. 晴る／ヨルシカ,,1
14. 負けないで／ZARD,,1
みなと,スピッツ,1
Take1 -,,1
Take2 - 忘れられないの,サカナクション,1
またねがあれば,澤田空海理,1
弾き語りはいいね、明日20時にボカロ弾き語り、明後日夕方ショート録音,,1
BUMPライブDVD買って視聴したコメント⇒ BUMP語り開始,,1
一旦沈静化、,,1
再活性化、ホームシック衛星のメーデーのラスサビ前がやばい、,,1
沈静化、まとめ「BUMPのライブはいいぞ」,,1
BUMP語り終了、自分の宣伝,,1
来週は新情報いっぱい,,1
曲フリ、54600人達成,,1
#01. 虹,ゆず (ワンコーラス),1
#02. パブリック,Mrs. GREEN APPLE,1
#03. CORE PRIDE,UVERworld (Bメロからワンコーラス),1
#04. more than words,羊文学 (ワンコーラス),1
#05. 恋の前,FINLANDS,1
#06. My Landscape,BiSH,1
#07. stereo future,BiSH,1
#08. 世界の秘密,さユり,1
次曲説明,,1
#09. 蜂と見世物(サーカス),さユり,1
#10. さよならごっこ,amazarashi,1
#11. A Thousand Miles,Vanessa Carlton,1
明日108曲配信のふわっとしたタイムテーブル出す,,1
ー 糸,中島みゆき,1
聴いてくれてる人ありがとう、大掃除してる？、 洗濯洗い物は好き、掃除料理は苦手⇒自分でやらなあかん⇒それが人間生活(略して人生)、今日洗い物溜まってる、 やる気スイッチ入った時に行動できれば花丸、クリスマス終わってから寒くなった、 やる気スイッチ、君のはどこにあるんだろう〜(スクールIE CM),,1
－ 弱虫モンブラン,DECO*27,1
－ アイネクライネ,米津玄師,1
ー 楓,スピッツ,1
ー チェリー,スピッツ,1
－ 丸の内サディスティック,椎名林檎,1
－ 雨とカプチーノ,ヨルシカ,1
ー ただ君に晴れ,ヨルシカ,1
－ 火星人,ヨルシカ,1
54300人達成、伸びがすごい、みんなのおかげ、古参マウントはダメ,,1
ー レプリカント,ヨルシカ,1
－ 思想犯,ヨルシカ,1
ー 八月、某、月明かり,ヨルシカ,1
ー 夕凪、某、花惑い,ヨルシカ,1
ー unrabel,TK from 凛として時雨,1
－ 季節は次々死んでいく,amazarashi,1
ー スターライト,amazarashi (前口上あり),1
－ 境界線,amazarashi,1
ー 空に歌えば,amazarashi,1
昨日親知らず抜歯したけど痛みを感じない(素直な親知らず)、 歯抜けボイスサンプル、そろそろしっとりしとく,,1
ー ハナミズキ,一青窈,1
しっとりした曲を歌うとセルフ睡眠導入してしまう、「しみじみしっとりシジミ」,,1
－ 最後の雨,中西保志,1
ー トレモロ,RADWIMPS,1
22曲歌った,,1
洗い物して寝る,,1
寒いので防音室の暖房点けた、風邪に注意、指がかじかんでいる⇒ 久しぶりにウォーミングアップウォーミングアップ終了、縦オンリーが新しい人と出会いやすい、 曲フリ,,1
Ex1 - JANE DOE,"米津玄師, 宇多田ヒカル (サビだけ)",1
Ex2 - IRIS OUT,米津玄師 (サビだけ),1
Ex3 - はいよろこんで,こっちのけんと (サビだけ),1
弾き語りするの好き、 曲フリ( I の替え歌),,1
オープニング(メリクリ)、クリスマスらしいもの食べた？(焼肉食べたい)、明日歯医者で親知らず抜歯する、 チューナーの電池喪失(予備機あり)、 曲フリ,,1
#1 赤鼻のトナカイ (童謡),,1
#2 あわてんぼうのサンタクロース (童謡),,1
#3 ジングルベル (童謡),,1
#4 レットイットゴー ありのままで,松たか子,1
#5 Winter Love,BoA,1
#6 雪の華,中島美嘉,1
#7 粉雪,レミオロメン,1
#8 クリスマスソング,back number,1
#9 ヒロイン,back number,1
#10 subtitle,Official髭男dism,1
#11 スノースマイル,BUMP OF CHICKEN,1
#12 Merry Christmas,BUMP OF CHICKEN,1
#13 白日,King Gnu,1
#14 天体観測,BUMP OF CHICKEN,1
14曲歌った,,1
もうすぐハーフアニバーサリー、新人じゃなくなる、そのうち後輩ができたりして,,1
お礼、いろいろ入用、 メンバーシップ匂わせ,,1
ヘビーローテション,AKB48,1
オープニング、今日は気ままに歌う、早速1曲目、#1(Take1) - (BGMオンのPON)⇒キオクケシテ(1分半巻き戻して),,1
(Take2) - I,BUMP OF CHICKEN,1
曲フリ,,1
BUMPカバーの視聴を躊躇う、 今の気分は真ん中、 マインドセット、 メンタルを安定させたい、,,1
特別な事は日記に記す(5年日記)、日記見返し、 曲フリ(無理矢理伏線回収),,1
オープニング、部屋の片付けした、ギタースタンドが壊れた、 朱名登場,,1
#1 シルエット,KANA-BOON,1
#3 ミカヅキ,さユり,1
#4 花の塔,さユり,1
#5 平行線,さユり,1
#6 航海の唄,さユり,1
#7 空に歌えば,amazarashi,1
#8 unravel,TK from 凛として時雨,1
#9 God knows...,涼宮ハルヒ(平野綾),1
#10 曇天,DOES,1
#11 サムライハート,SPYAIR,1
アンケート,,1
#12 シュガーソングとビターステップ,UNISON SQUARE GARDEN,1
#13 オリオンをなぞる,UNISON SQUARE GARDEN,1
セルフアンコールはよくあること,,1
睡眠導入弾き語りの効果(リスナー談)、明日はアーカイブ見て,,1
#1 アカシア,BUMP OF CHICKEN,1
#2 Gravity,BUMP OF CHICKEN,1
#3 又三郎,ヨルシカ,1
#5 空に歌えば,amazarashi,1
#7 ブルーバード,いきものがかり,1
#8 コイスルオトメ,いきものがかり,1
#9 怪獣,サカナクション,1
#10 さよならはエモーション,サカナクション,1
#11 花の塔,さユり,1
#12 フラレガイガール,さユり,1
「弾き語りってずっと弾いてるな」、 #13 Take1 (キー違う),,1
#13 有心論,RADWIMPS,1
#14 me me she,RADWIMPS,1
#15 高嶺の花子さん,back number,1
#16 幸せ,back number,1
#17 紅蓮華,LiSA,1
#18 炎,LiSA,1
#19 FIRE GROUND,Official髭男dism,1
#20 subtitle,Official髭男dism,1
#21 シュガーソングとビターステップ,UNISON SQUARE GARDEN,1
#22 夏影テールライト,UNISON SQUARE GARDEN,1
#23 心に穴が空いた,ヨルシカ,1
#24 花に亡霊,ヨルシカ,1
#25 天体観測,BUMP OF CHICKEN,1
#26 花の名,BUMP OF CHICKEN,1
#27 悲しくならないか,ミナミイズミ (原曲Ver),1
#28 結晶,ミナミイズミ,1
自画自賛、幸せの永久機関を築きたい、アイス食べたい、 選曲中⇒ 曲思い出し中⇒3 4年前に作った曲名が無い曲をワンコーラスだけ初披露,,1
#29 (※曲名なし),ミナミイズミ (ワンコーラス),1
最後の曲フリ,,1
30曲歌った,,1
いらない (⭐初披露),,1
アルクアラウンド (⭐初披露),,1
多分、風。 (⭐初披露),,1
ミュージック,,1
ナイロンの糸 (⭐初披露),,1
ボイル (⭐初披露),,1
グッドバイ (⭐初披露),,1
プラトー,,1
水平線／back number,,1
secret base〜君がくれたもの〜／ZONE,,1
靴の花火／ヨルシカ,,1
風を食む／ヨルシカ,,1
花人局／ヨルシカ,,1
magnet／minato,,1
フラレガイガール／さユり,,1
トレモロ／RADWIMPS,,1
若者のすべて／フジファブリック,,1
心の残響／ミナミイズミ,,1
世界に一つだけの花／SMAP,,1
やさしさに包まれたなら／松任谷由実,,1
怪獣の花唄／Vaundy,,1
夏色／ゆず,,1
アンパンマンのマーチ／ドリーミング,,1
サウダージ／ポルノグラフィティ,,1
瞳に映らない／indigo la End,,1
純情スカート／40mP,,1
変わらないもの／奥華子,,1
さよならアイデンティティー／yonige,,1
inside you／milet,,1
花鳥風月／SEKAI NO OWARI,,1
人として／SUPER BEAVER,,1
beautiful glider／BUMP OF CHICKEN,,1
じょいふる／いきものがかり,,1
ふわふわ時間／放課後ティータイム,,1
東京賛歌／BUMP OF CHICKEN,,1
夜咄ディセイブ／じん,,1
アイデンティティ／サカナクション,,1
新宝島／サカナクション,,1
虹を待つ人／BUMP OF CHICKEN,,1
チワワになりたい／ミナミイズミ,,1
雨とカプチーノ／ヨルシカ,,1
なんでもないや／RADWIMPS,,1
me me she／RADWIMPS,,1
プラネタリウム／BUMP OF CHICKEN,,1
ギルド／BUMP OF CHICKEN,,1
地獄でなぜ悪い／星野源,,1
くだらないの中に／星野源,,1
Heartache／ONE OK ROCK (⭐初披露),,1
Lemon／米津玄師,,1
vivi／米津玄師,,1
レム／BUMP OF CHICKEN,,1
車輪の唄／BUMP OF CHICKEN,,1
思想犯／ヨルシカ,,1
心做し／蝶々P,,1
アイロニ／すこっぷ,,1
晩餐歌／tuki.,,1
ドライフラワー／優里,,1
結晶／ミナミイズミ,,1
口笛,,1
NEW KAWAII／FRUITS ZIPPER,,1
わたしの一番かわいいところ／FRUITS ZIPPER,,1
最上級にかわいいの！／超ときめき♡宣伝部,,1
盛れ！ミアモーレ／Juice=Juice,,1
Everyday、カチューシャ／AKB48,,1
ヘビーローテーション／AKB48,,1
恋愛サーキュレーション／千石撫子(花澤香菜),,1
好-じょし-／サカグチアミ (⭐初披露),,1
プリキュア5、フルスロットル GO GO!／工藤真由 (⭐初披露),,1
プリキュア5、スマイルgo go!／工藤真由 (⭐初披露),,1
DANZEN!ふたりはプリキュア／五條真由美,,1
Just Be Friends／Dixie Flatline,,1
弱虫モンブラン／DECO*27,,1
愛迷エレジー／DECO*27,,1
モザイクロール／DECO*27,,1
サリシノハラ／みきとP,,1
ヨンジュウナナ／みきとP,,1
小夜子／みきとP,,1
少女レイ／みきとP,,1
千本桜／黒うさP,,1
マトリョシカ／ハチ,,1
砂の惑星／ハチ,,1
リンネ／ハチ,,1
ロストワンの号哭／Neru,,1
東京テディベア／Neru,,1
ハウトゥー世界征服／Neru (⭐初披露),,1
再教育／Neru (⭐初披露),,1
ハッピーシンセサイザ／EasyPop,,1
Calc.／ジミーサムP,,1
深海少女／ゆうゆ (⭐初披露),,1
ルカルカ★ナイトフィーバー／samfree,,1
ムーンライト伝説／DALI,,1
memories／大槻マキ,,1
紅蓮華／LiSA,,1
God knows...／涼宮ハルヒ(平野綾),,1
unravel／TK from 凛として時雨,,1
季節は次々死んでいく／amazarashi,,1
空に歌えば／amazarashi,,1
I／BUMP OF CHICKEN,,1
航海の唄／さユり,,1
平行線／さユり,,1
ブルーバード／いきものがかり,,1
Diver／NICO Touches the Walls,,1
アポリア／ヨルシカ,,1
斜陽／ヨルシカ,,1
サムライハート／SPYAIR,,1
"Hello,world!／BUMP OF CHICKEN",,1
月虹／BUMP OF CHICKEN,,1
曇天／DOES,,1
君の知らない物語／supercell,,1
again／YUI,,1
花の塔／さユり,,1
鼻歌,,1
花に嵐／米津玄師,,1
Squall／04 Limited Sazabys (⭐初披露),,1
ジュブナイル／amazarashi,,1
風に流離い／amazarashi,,1
悪魔の踊り方／キタニタツヤ,,1
スカー／キタニタツヤ,,1
青のすみか／キタニタツヤ,,1
インフェルノ／Mrs. GREEN APPLE,,1
さよならはエモーション／サカナクション,,1
悲しくなるまえに／indigo la End (⭐初披露),,1
プレゼント／BUMP OF CHICKEN,,1
涙のふるさと／BUMP OF CHICKEN,,1
start,,1
#01 流星,コブクロ,1
#02 ナモナキヒト,amazarashi,1
#03 カタオモイ,Aimer,1
#04 眠り姫,SEKAI NO OWARI,1
#05 楓,スピッツ,1
#06 天体観測,BUMP OF CHICKEN,1
#07 青のすみか,キタニタツヤ,1
#08 デマゴーグ,キタニタツヤ,1
※OBS配信停止トラブル,,1
#09 だから僕は音楽を辞めた,ヨルシカ,1
#10 花に亡霊,ヨルシカ,1
#11 トレモロ,RADWIMPS,1
#12 Aurora,BUMP OF CHICKEN,1
名探偵コナンの声真似タイム,,1
ED,,1
愛を伝えたいだとか／あいみょん,,1
チェリー／スピッツ,,1
高嶺の花子さん／back number,,1
ヒッチコック／ヨルシカ,,1
ただ君に晴れ／ヨルシカ,,1
さくら (独唱)／森山直太朗,,1
春泥棒／ヨルシカ,,1
CHE.R.RY／YUI,,1
桜のあと／UNISON SQUARE GARDEN,,1
春雷／米津玄師,,1
ハナミズキ／一青窈,,1
pinkie／BUMP OF CHICKEN,,1
3/7から約1カ月配信をお休みする、絵日記とショートは毎日投稿、新しいカバーMVをいくつか投稿あり,,1
諦めることを諦めたい,ミナミイズミ,1
海を進む,ミナミイズミ,1
来年フルマラソンに挑戦する！,,1
シンゴージャーでizumeetをまたやりたい,,1
配信停止トラブルから復帰、関西弁で詰めボイス,,1
花火 (占い),,1
月下美人 (占い),,1
占いのあとBUMPのツアーセトリ予想してた,,1
ライブ後1週間にいっぱい人と会った,,1
明日ライブ同時視聴配信,,1
